CREATE DATABASE  IF NOT EXISTS `budgetfit_db` /*!40100 DEFAULT CHARACTER SET utf8mb4 COLLATE utf8mb4_0900_ai_ci */ /*!80016 DEFAULT ENCRYPTION='N' */;
USE `budgetfit_db`;
-- MySQL dump 10.13  Distrib 8.0.43, for Win64 (x86_64)
--
-- Host: 127.0.0.1    Database: budgetfit_db
-- ------------------------------------------------------
-- Server version	8.0.43

/*!40101 SET @OLD_CHARACTER_SET_CLIENT=@@CHARACTER_SET_CLIENT */;
/*!40101 SET @OLD_CHARACTER_SET_RESULTS=@@CHARACTER_SET_RESULTS */;
/*!40101 SET @OLD_COLLATION_CONNECTION=@@COLLATION_CONNECTION */;
/*!50503 SET NAMES utf8 */;
/*!40103 SET @OLD_TIME_ZONE=@@TIME_ZONE */;
/*!40103 SET TIME_ZONE='+00:00' */;
/*!40014 SET @OLD_UNIQUE_CHECKS=@@UNIQUE_CHECKS, UNIQUE_CHECKS=0 */;
/*!40014 SET @OLD_FOREIGN_KEY_CHECKS=@@FOREIGN_KEY_CHECKS, FOREIGN_KEY_CHECKS=0 */;
/*!40101 SET @OLD_SQL_MODE=@@SQL_MODE, SQL_MODE='NO_AUTO_VALUE_ON_ZERO' */;
/*!40111 SET @OLD_SQL_NOTES=@@SQL_NOTES, SQL_NOTES=0 */;

--
-- Table structure for table `budget_breakdowns`
--

DROP TABLE IF EXISTS `budget_breakdowns`;
/*!40101 SET @saved_cs_client     = @@character_set_client */;
/*!50503 SET character_set_client = utf8mb4 */;
CREATE TABLE `budget_breakdowns` (
  `id` int NOT NULL AUTO_INCREMENT,
  `plan_id` int NOT NULL,
  `food_amount` decimal(12,2) NOT NULL DEFAULT '0.00',
  `workout_amount` decimal(12,2) NOT NULL DEFAULT '0.00',
  `wellness_amount` decimal(12,2) NOT NULL DEFAULT '0.00',
  `buffer_amount` decimal(12,2) NOT NULL DEFAULT '0.00',
  `total_budget` decimal(12,2) NOT NULL DEFAULT '0.00',
  `daily_budget` decimal(12,2) NOT NULL DEFAULT '0.00',
  PRIMARY KEY (`id`),
  UNIQUE KEY `plan_id` (`plan_id`),
  CONSTRAINT `budget_breakdowns_ibfk_1` FOREIGN KEY (`plan_id`) REFERENCES `plans` (`id`) ON DELETE CASCADE
) ENGINE=InnoDB AUTO_INCREMENT=10 DEFAULT CHARSET=utf8mb4 COLLATE=utf8mb4_0900_ai_ci;
/*!40101 SET character_set_client = @saved_cs_client */;

--
-- Dumping data for table `budget_breakdowns`
--

LOCK TABLES `budget_breakdowns` WRITE;
/*!40000 ALTER TABLE `budget_breakdowns` DISABLE KEYS */;
INSERT INTO `budget_breakdowns` VALUES (1,1,1300000.00,200000.00,200000.00,300000.00,2000000.00,66667.00),(2,2,1950000.00,300000.00,300000.00,450000.00,3000000.00,100000.00),(3,3,1950000.00,300000.00,300000.00,450000.00,3000000.00,100000.00),(4,4,1950000.00,300000.00,300000.00,450000.00,3000000.00,100000.00),(5,5,1950000.00,300000.00,300000.00,450000.00,3000000.00,100000.00),(6,6,1950000.00,300000.00,300000.00,450000.00,3000000.00,100000.00),(7,7,1950000.00,300000.00,300000.00,450000.00,3000000.00,100000.00),(8,8,3000000.00,800000.00,700000.00,500000.00,5000000.00,166667.00),(9,9,3000000.00,800000.00,700000.00,500000.00,5000000.00,166667.00);
/*!40000 ALTER TABLE `budget_breakdowns` ENABLE KEYS */;
UNLOCK TABLES;

--
-- Table structure for table `daily_task_completions`
--

DROP TABLE IF EXISTS `daily_task_completions`;
/*!40101 SET @saved_cs_client     = @@character_set_client */;
/*!50503 SET character_set_client = utf8mb4 */;
CREATE TABLE `daily_task_completions` (
  `id` int NOT NULL AUTO_INCREMENT,
  `plan_day_id` int NOT NULL,
  `task_type` enum('meal','workout','sleep','water') NOT NULL,
  `task_ref_id` varchar(50) DEFAULT NULL,
  `is_completed` tinyint(1) DEFAULT '0',
  `updated_at` timestamp NULL DEFAULT CURRENT_TIMESTAMP ON UPDATE CURRENT_TIMESTAMP,
  PRIMARY KEY (`id`),
  UNIQUE KEY `unique_task_completion` (`plan_day_id`,`task_type`,`task_ref_id`),
  CONSTRAINT `daily_task_completions_ibfk_1` FOREIGN KEY (`plan_day_id`) REFERENCES `plan_days` (`id`) ON DELETE CASCADE
) ENGINE=InnoDB DEFAULT CHARSET=utf8mb4 COLLATE=utf8mb4_0900_ai_ci;
/*!40101 SET character_set_client = @saved_cs_client */;

--
-- Dumping data for table `daily_task_completions`
--

LOCK TABLES `daily_task_completions` WRITE;
/*!40000 ALTER TABLE `daily_task_completions` DISABLE KEYS */;
/*!40000 ALTER TABLE `daily_task_completions` ENABLE KEYS */;
UNLOCK TABLES;

--
-- Table structure for table `expense_logs`
--

DROP TABLE IF EXISTS `expense_logs`;
/*!40101 SET @saved_cs_client     = @@character_set_client */;
/*!50503 SET character_set_client = utf8mb4 */;
CREATE TABLE `expense_logs` (
  `id` int NOT NULL AUTO_INCREMENT,
  `user_id` int NOT NULL,
  `log_date` date NOT NULL,
  `category` enum('Food','Workout','Wellness','Buffer') NOT NULL,
  `amount` decimal(12,2) NOT NULL,
  `description` varchar(255) DEFAULT NULL,
  `created_at` timestamp NULL DEFAULT CURRENT_TIMESTAMP,
  PRIMARY KEY (`id`),
  KEY `user_id` (`user_id`),
  CONSTRAINT `expense_logs_ibfk_1` FOREIGN KEY (`user_id`) REFERENCES `users` (`id`) ON DELETE CASCADE
) ENGINE=InnoDB DEFAULT CHARSET=utf8mb4 COLLATE=utf8mb4_0900_ai_ci;
/*!40101 SET character_set_client = @saved_cs_client */;

--
-- Dumping data for table `expense_logs`
--

LOCK TABLES `expense_logs` WRITE;
/*!40000 ALTER TABLE `expense_logs` DISABLE KEYS */;
/*!40000 ALTER TABLE `expense_logs` ENABLE KEYS */;
UNLOCK TABLES;

--
-- Table structure for table `meals`
--

DROP TABLE IF EXISTS `meals`;
/*!40101 SET @saved_cs_client     = @@character_set_client */;
/*!50503 SET character_set_client = utf8mb4 */;
CREATE TABLE `meals` (
  `id` int NOT NULL AUTO_INCREMENT,
  `plan_day_id` int NOT NULL,
  `meal_name` varchar(120) NOT NULL,
  `meal_time` varchar(20) DEFAULT NULL,
  `calories` int DEFAULT '0',
  `cost` decimal(12,2) DEFAULT '0.00',
  PRIMARY KEY (`id`),
  KEY `plan_day_id` (`plan_day_id`),
  CONSTRAINT `meals_ibfk_1` FOREIGN KEY (`plan_day_id`) REFERENCES `plan_days` (`id`) ON DELETE CASCADE
) ENGINE=InnoDB AUTO_INCREMENT=1081 DEFAULT CHARSET=utf8mb4 COLLATE=utf8mb4_0900_ai_ci;
/*!40101 SET character_set_client = @saved_cs_client */;

--
-- Dumping data for table `meals`
--

LOCK TABLES `meals` WRITE;
/*!40000 ALTER TABLE `meals` DISABLE KEYS */;
INSERT INTO `meals` VALUES (1,1,'Oatmeal with Banana','7:00 AM',350,25000.00),(2,1,'Grilled Chicken Salad','12:30 PM',450,45000.00),(3,1,'Protein Smoothie','3:00 PM',300,30000.00),(4,1,'Salmon with Vegetables','7:00 PM',550,60000.00),(5,2,'Oatmeal with Banana','7:00 AM',350,25000.00),(6,2,'Grilled Chicken Salad','12:30 PM',450,45000.00),(7,2,'Protein Smoothie','3:00 PM',300,30000.00),(8,2,'Salmon with Vegetables','7:00 PM',550,60000.00),(9,3,'Oatmeal with Banana','7:00 AM',350,25000.00),(10,3,'Grilled Chicken Salad','12:30 PM',450,45000.00),(11,3,'Protein Smoothie','3:00 PM',300,30000.00),(12,3,'Salmon with Vegetables','7:00 PM',550,60000.00),(13,4,'Oatmeal with Banana','7:00 AM',350,25000.00),(14,4,'Grilled Chicken Salad','12:30 PM',450,45000.00),(15,4,'Protein Smoothie','3:00 PM',300,30000.00),(16,4,'Salmon with Vegetables','7:00 PM',550,60000.00),(17,5,'Oatmeal with Banana','7:00 AM',350,25000.00),(18,5,'Grilled Chicken Salad','12:30 PM',450,45000.00),(19,5,'Protein Smoothie','3:00 PM',300,30000.00),(20,5,'Salmon with Vegetables','7:00 PM',550,60000.00),(21,6,'Oatmeal with Banana','7:00 AM',350,25000.00),(22,6,'Grilled Chicken Salad','12:30 PM',450,45000.00),(23,6,'Protein Smoothie','3:00 PM',300,30000.00),(24,6,'Salmon with Vegetables','7:00 PM',550,60000.00),(25,7,'Oatmeal with Banana','7:00 AM',350,25000.00),(26,7,'Grilled Chicken Salad','12:30 PM',450,45000.00),(27,7,'Protein Smoothie','3:00 PM',300,30000.00),(28,7,'Salmon with Vegetables','7:00 PM',550,60000.00),(29,8,'Oatmeal with Banana','7:00 AM',350,25000.00),(30,8,'Grilled Chicken Salad','12:30 PM',450,45000.00),(31,8,'Protein Smoothie','3:00 PM',300,30000.00),(32,8,'Salmon with Vegetables','7:00 PM',550,60000.00),(33,9,'Oatmeal with Banana','7:00 AM',350,25000.00),(34,9,'Grilled Chicken Salad','12:30 PM',450,45000.00),(35,9,'Protein Smoothie','3:00 PM',300,30000.00),(36,9,'Salmon with Vegetables','7:00 PM',550,60000.00),(37,10,'Oatmeal with Banana','7:00 AM',350,25000.00),(38,10,'Grilled Chicken Salad','12:30 PM',450,45000.00),(39,10,'Protein Smoothie','3:00 PM',300,30000.00),(40,10,'Salmon with Vegetables','7:00 PM',550,60000.00),(41,11,'Oatmeal with Banana','7:00 AM',350,25000.00),(42,11,'Grilled Chicken Salad','12:30 PM',450,45000.00),(43,11,'Protein Smoothie','3:00 PM',300,30000.00),(44,11,'Salmon with Vegetables','7:00 PM',550,60000.00),(45,12,'Oatmeal with Banana','7:00 AM',350,25000.00),(46,12,'Grilled Chicken Salad','12:30 PM',450,45000.00),(47,12,'Protein Smoothie','3:00 PM',300,30000.00),(48,12,'Salmon with Vegetables','7:00 PM',550,60000.00),(49,13,'Oatmeal with Banana','7:00 AM',350,25000.00),(50,13,'Grilled Chicken Salad','12:30 PM',450,45000.00),(51,13,'Protein Smoothie','3:00 PM',300,30000.00),(52,13,'Salmon with Vegetables','7:00 PM',550,60000.00),(53,14,'Oatmeal with Banana','7:00 AM',350,25000.00),(54,14,'Grilled Chicken Salad','12:30 PM',450,45000.00),(55,14,'Protein Smoothie','3:00 PM',300,30000.00),(56,14,'Salmon with Vegetables','7:00 PM',550,60000.00),(57,15,'Oatmeal with Banana','7:00 AM',350,25000.00),(58,15,'Grilled Chicken Salad','12:30 PM',450,45000.00),(59,15,'Protein Smoothie','3:00 PM',300,30000.00),(60,15,'Salmon with Vegetables','7:00 PM',550,60000.00),(61,16,'Oatmeal with Banana','7:00 AM',350,25000.00),(62,16,'Grilled Chicken Salad','12:30 PM',450,45000.00),(63,16,'Protein Smoothie','3:00 PM',300,30000.00),(64,16,'Salmon with Vegetables','7:00 PM',550,60000.00),(65,17,'Oatmeal with Banana','7:00 AM',350,25000.00),(66,17,'Grilled Chicken Salad','12:30 PM',450,45000.00),(67,17,'Protein Smoothie','3:00 PM',300,30000.00),(68,17,'Salmon with Vegetables','7:00 PM',550,60000.00),(69,18,'Oatmeal with Banana','7:00 AM',350,25000.00),(70,18,'Grilled Chicken Salad','12:30 PM',450,45000.00),(71,18,'Protein Smoothie','3:00 PM',300,30000.00),(72,18,'Salmon with Vegetables','7:00 PM',550,60000.00),(73,19,'Oatmeal with Banana','7:00 AM',350,25000.00),(74,19,'Grilled Chicken Salad','12:30 PM',450,45000.00),(75,19,'Protein Smoothie','3:00 PM',300,30000.00),(76,19,'Salmon with Vegetables','7:00 PM',550,60000.00),(77,20,'Oatmeal with Banana','7:00 AM',350,25000.00),(78,20,'Grilled Chicken Salad','12:30 PM',450,45000.00),(79,20,'Protein Smoothie','3:00 PM',300,30000.00),(80,20,'Salmon with Vegetables','7:00 PM',550,60000.00),(81,21,'Oatmeal with Banana','7:00 AM',350,25000.00),(82,21,'Grilled Chicken Salad','12:30 PM',450,45000.00),(83,21,'Protein Smoothie','3:00 PM',300,30000.00),(84,21,'Salmon with Vegetables','7:00 PM',550,60000.00),(85,22,'Oatmeal with Banana','7:00 AM',350,25000.00),(86,22,'Grilled Chicken Salad','12:30 PM',450,45000.00),(87,22,'Protein Smoothie','3:00 PM',300,30000.00),(88,22,'Salmon with Vegetables','7:00 PM',550,60000.00),(89,23,'Oatmeal with Banana','7:00 AM',350,25000.00),(90,23,'Grilled Chicken Salad','12:30 PM',450,45000.00),(91,23,'Protein Smoothie','3:00 PM',300,30000.00),(92,23,'Salmon with Vegetables','7:00 PM',550,60000.00),(93,24,'Oatmeal with Banana','7:00 AM',350,25000.00),(94,24,'Grilled Chicken Salad','12:30 PM',450,45000.00),(95,24,'Protein Smoothie','3:00 PM',300,30000.00),(96,24,'Salmon with Vegetables','7:00 PM',550,60000.00),(97,25,'Oatmeal with Banana','7:00 AM',350,25000.00),(98,25,'Grilled Chicken Salad','12:30 PM',450,45000.00),(99,25,'Protein Smoothie','3:00 PM',300,30000.00),(100,25,'Salmon with Vegetables','7:00 PM',550,60000.00),(101,26,'Oatmeal with Banana','7:00 AM',350,25000.00),(102,26,'Grilled Chicken Salad','12:30 PM',450,45000.00),(103,26,'Protein Smoothie','3:00 PM',300,30000.00),(104,26,'Salmon with Vegetables','7:00 PM',550,60000.00),(105,27,'Oatmeal with Banana','7:00 AM',350,25000.00),(106,27,'Grilled Chicken Salad','12:30 PM',450,45000.00),(107,27,'Protein Smoothie','3:00 PM',300,30000.00),(108,27,'Salmon with Vegetables','7:00 PM',550,60000.00),(109,28,'Oatmeal with Banana','7:00 AM',350,25000.00),(110,28,'Grilled Chicken Salad','12:30 PM',450,45000.00),(111,28,'Protein Smoothie','3:00 PM',300,30000.00),(112,28,'Salmon with Vegetables','7:00 PM',550,60000.00),(113,29,'Oatmeal with Banana','7:00 AM',350,25000.00),(114,29,'Grilled Chicken Salad','12:30 PM',450,45000.00),(115,29,'Protein Smoothie','3:00 PM',300,30000.00),(116,29,'Salmon with Vegetables','7:00 PM',550,60000.00),(117,30,'Oatmeal with Banana','7:00 AM',350,25000.00),(118,30,'Grilled Chicken Salad','12:30 PM',450,45000.00),(119,30,'Protein Smoothie','3:00 PM',300,30000.00),(120,30,'Salmon with Vegetables','7:00 PM',550,60000.00),(121,31,'Oatmeal with Banana','7:00 AM',350,25000.00),(122,31,'Grilled Chicken Salad','12:30 PM',450,45000.00),(123,31,'Protein Smoothie','3:00 PM',300,30000.00),(124,31,'Salmon with Vegetables','7:00 PM',550,60000.00),(125,32,'Oatmeal with Banana','7:00 AM',350,25000.00),(126,32,'Grilled Chicken Salad','12:30 PM',450,45000.00),(127,32,'Protein Smoothie','3:00 PM',300,30000.00),(128,32,'Salmon with Vegetables','7:00 PM',550,60000.00),(129,33,'Oatmeal with Banana','7:00 AM',350,25000.00),(130,33,'Grilled Chicken Salad','12:30 PM',450,45000.00),(131,33,'Protein Smoothie','3:00 PM',300,30000.00),(132,33,'Salmon with Vegetables','7:00 PM',550,60000.00),(133,34,'Oatmeal with Banana','7:00 AM',350,25000.00),(134,34,'Grilled Chicken Salad','12:30 PM',450,45000.00),(135,34,'Protein Smoothie','3:00 PM',300,30000.00),(136,34,'Salmon with Vegetables','7:00 PM',550,60000.00),(137,35,'Oatmeal with Banana','7:00 AM',350,25000.00),(138,35,'Grilled Chicken Salad','12:30 PM',450,45000.00),(139,35,'Protein Smoothie','3:00 PM',300,30000.00),(140,35,'Salmon with Vegetables','7:00 PM',550,60000.00),(141,36,'Oatmeal with Banana','7:00 AM',350,25000.00),(142,36,'Grilled Chicken Salad','12:30 PM',450,45000.00),(143,36,'Protein Smoothie','3:00 PM',300,30000.00),(144,36,'Salmon with Vegetables','7:00 PM',550,60000.00),(145,37,'Oatmeal with Banana','7:00 AM',350,25000.00),(146,37,'Grilled Chicken Salad','12:30 PM',450,45000.00),(147,37,'Protein Smoothie','3:00 PM',300,30000.00),(148,37,'Salmon with Vegetables','7:00 PM',550,60000.00),(149,38,'Oatmeal with Banana','7:00 AM',350,25000.00),(150,38,'Grilled Chicken Salad','12:30 PM',450,45000.00),(151,38,'Protein Smoothie','3:00 PM',300,30000.00),(152,38,'Salmon with Vegetables','7:00 PM',550,60000.00),(153,39,'Oatmeal with Banana','7:00 AM',350,25000.00),(154,39,'Grilled Chicken Salad','12:30 PM',450,45000.00),(155,39,'Protein Smoothie','3:00 PM',300,30000.00),(156,39,'Salmon with Vegetables','7:00 PM',550,60000.00),(157,40,'Oatmeal with Banana','7:00 AM',350,25000.00),(158,40,'Grilled Chicken Salad','12:30 PM',450,45000.00),(159,40,'Protein Smoothie','3:00 PM',300,30000.00),(160,40,'Salmon with Vegetables','7:00 PM',550,60000.00),(161,41,'Oatmeal with Banana','7:00 AM',350,25000.00),(162,41,'Grilled Chicken Salad','12:30 PM',450,45000.00),(163,41,'Protein Smoothie','3:00 PM',300,30000.00),(164,41,'Salmon with Vegetables','7:00 PM',550,60000.00),(165,42,'Oatmeal with Banana','7:00 AM',350,25000.00),(166,42,'Grilled Chicken Salad','12:30 PM',450,45000.00),(167,42,'Protein Smoothie','3:00 PM',300,30000.00),(168,42,'Salmon with Vegetables','7:00 PM',550,60000.00),(169,43,'Oatmeal with Banana','7:00 AM',350,25000.00),(170,43,'Grilled Chicken Salad','12:30 PM',450,45000.00),(171,43,'Protein Smoothie','3:00 PM',300,30000.00),(172,43,'Salmon with Vegetables','7:00 PM',550,60000.00),(173,44,'Oatmeal with Banana','7:00 AM',350,25000.00),(174,44,'Grilled Chicken Salad','12:30 PM',450,45000.00),(175,44,'Protein Smoothie','3:00 PM',300,30000.00),(176,44,'Salmon with Vegetables','7:00 PM',550,60000.00),(177,45,'Oatmeal with Banana','7:00 AM',350,25000.00),(178,45,'Grilled Chicken Salad','12:30 PM',450,45000.00),(179,45,'Protein Smoothie','3:00 PM',300,30000.00),(180,45,'Salmon with Vegetables','7:00 PM',550,60000.00),(181,46,'Oatmeal with Banana','7:00 AM',350,25000.00),(182,46,'Grilled Chicken Salad','12:30 PM',450,45000.00),(183,46,'Protein Smoothie','3:00 PM',300,30000.00),(184,46,'Salmon with Vegetables','7:00 PM',550,60000.00),(185,47,'Oatmeal with Banana','7:00 AM',350,25000.00),(186,47,'Grilled Chicken Salad','12:30 PM',450,45000.00),(187,47,'Protein Smoothie','3:00 PM',300,30000.00),(188,47,'Salmon with Vegetables','7:00 PM',550,60000.00),(189,48,'Oatmeal with Banana','7:00 AM',350,25000.00),(190,48,'Grilled Chicken Salad','12:30 PM',450,45000.00),(191,48,'Protein Smoothie','3:00 PM',300,30000.00),(192,48,'Salmon with Vegetables','7:00 PM',550,60000.00),(193,49,'Oatmeal with Banana','7:00 AM',350,25000.00),(194,49,'Grilled Chicken Salad','12:30 PM',450,45000.00),(195,49,'Protein Smoothie','3:00 PM',300,30000.00),(196,49,'Salmon with Vegetables','7:00 PM',550,60000.00),(197,50,'Oatmeal with Banana','7:00 AM',350,25000.00),(198,50,'Grilled Chicken Salad','12:30 PM',450,45000.00),(199,50,'Protein Smoothie','3:00 PM',300,30000.00),(200,50,'Salmon with Vegetables','7:00 PM',550,60000.00),(201,51,'Oatmeal with Banana','7:00 AM',350,25000.00),(202,51,'Grilled Chicken Salad','12:30 PM',450,45000.00),(203,51,'Protein Smoothie','3:00 PM',300,30000.00),(204,51,'Salmon with Vegetables','7:00 PM',550,60000.00),(205,52,'Oatmeal with Banana','7:00 AM',350,25000.00),(206,52,'Grilled Chicken Salad','12:30 PM',450,45000.00),(207,52,'Protein Smoothie','3:00 PM',300,30000.00),(208,52,'Salmon with Vegetables','7:00 PM',550,60000.00),(209,53,'Oatmeal with Banana','7:00 AM',350,25000.00),(210,53,'Grilled Chicken Salad','12:30 PM',450,45000.00),(211,53,'Protein Smoothie','3:00 PM',300,30000.00),(212,53,'Salmon with Vegetables','7:00 PM',550,60000.00),(213,54,'Oatmeal with Banana','7:00 AM',350,25000.00),(214,54,'Grilled Chicken Salad','12:30 PM',450,45000.00),(215,54,'Protein Smoothie','3:00 PM',300,30000.00),(216,54,'Salmon with Vegetables','7:00 PM',550,60000.00),(217,55,'Oatmeal with Banana','7:00 AM',350,25000.00),(218,55,'Grilled Chicken Salad','12:30 PM',450,45000.00),(219,55,'Protein Smoothie','3:00 PM',300,30000.00),(220,55,'Salmon with Vegetables','7:00 PM',550,60000.00),(221,56,'Oatmeal with Banana','7:00 AM',350,25000.00),(222,56,'Grilled Chicken Salad','12:30 PM',450,45000.00),(223,56,'Protein Smoothie','3:00 PM',300,30000.00),(224,56,'Salmon with Vegetables','7:00 PM',550,60000.00),(225,57,'Oatmeal with Banana','7:00 AM',350,25000.00),(226,57,'Grilled Chicken Salad','12:30 PM',450,45000.00),(227,57,'Protein Smoothie','3:00 PM',300,30000.00),(228,57,'Salmon with Vegetables','7:00 PM',550,60000.00),(229,58,'Oatmeal with Banana','7:00 AM',350,25000.00),(230,58,'Grilled Chicken Salad','12:30 PM',450,45000.00),(231,58,'Protein Smoothie','3:00 PM',300,30000.00),(232,58,'Salmon with Vegetables','7:00 PM',550,60000.00),(233,59,'Oatmeal with Banana','7:00 AM',350,25000.00),(234,59,'Grilled Chicken Salad','12:30 PM',450,45000.00),(235,59,'Protein Smoothie','3:00 PM',300,30000.00),(236,59,'Salmon with Vegetables','7:00 PM',550,60000.00),(237,60,'Oatmeal with Banana','7:00 AM',350,25000.00),(238,60,'Grilled Chicken Salad','12:30 PM',450,45000.00),(239,60,'Protein Smoothie','3:00 PM',300,30000.00),(240,60,'Salmon with Vegetables','7:00 PM',550,60000.00),(241,61,'Oatmeal with Banana','7:00 AM',350,25000.00),(242,61,'Grilled Chicken Salad','12:30 PM',450,45000.00),(243,61,'Protein Smoothie','3:00 PM',300,30000.00),(244,61,'Salmon with Vegetables','7:00 PM',550,60000.00),(245,62,'Oatmeal with Banana','7:00 AM',350,25000.00),(246,62,'Grilled Chicken Salad','12:30 PM',450,45000.00),(247,62,'Protein Smoothie','3:00 PM',300,30000.00),(248,62,'Salmon with Vegetables','7:00 PM',550,60000.00),(249,63,'Oatmeal with Banana','7:00 AM',350,25000.00),(250,63,'Grilled Chicken Salad','12:30 PM',450,45000.00),(251,63,'Protein Smoothie','3:00 PM',300,30000.00),(252,63,'Salmon with Vegetables','7:00 PM',550,60000.00),(253,64,'Oatmeal with Banana','7:00 AM',350,25000.00),(254,64,'Grilled Chicken Salad','12:30 PM',450,45000.00),(255,64,'Protein Smoothie','3:00 PM',300,30000.00),(256,64,'Salmon with Vegetables','7:00 PM',550,60000.00),(257,65,'Oatmeal with Banana','7:00 AM',350,25000.00),(258,65,'Grilled Chicken Salad','12:30 PM',450,45000.00),(259,65,'Protein Smoothie','3:00 PM',300,30000.00),(260,65,'Salmon with Vegetables','7:00 PM',550,60000.00),(261,66,'Oatmeal with Banana','7:00 AM',350,25000.00),(262,66,'Grilled Chicken Salad','12:30 PM',450,45000.00),(263,66,'Protein Smoothie','3:00 PM',300,30000.00),(264,66,'Salmon with Vegetables','7:00 PM',550,60000.00),(265,67,'Oatmeal with Banana','7:00 AM',350,25000.00),(266,67,'Grilled Chicken Salad','12:30 PM',450,45000.00),(267,67,'Protein Smoothie','3:00 PM',300,30000.00),(268,67,'Salmon with Vegetables','7:00 PM',550,60000.00),(269,68,'Oatmeal with Banana','7:00 AM',350,25000.00),(270,68,'Grilled Chicken Salad','12:30 PM',450,45000.00),(271,68,'Protein Smoothie','3:00 PM',300,30000.00),(272,68,'Salmon with Vegetables','7:00 PM',550,60000.00),(273,69,'Oatmeal with Banana','7:00 AM',350,25000.00),(274,69,'Grilled Chicken Salad','12:30 PM',450,45000.00),(275,69,'Protein Smoothie','3:00 PM',300,30000.00),(276,69,'Salmon with Vegetables','7:00 PM',550,60000.00),(277,70,'Oatmeal with Banana','7:00 AM',350,25000.00),(278,70,'Grilled Chicken Salad','12:30 PM',450,45000.00),(279,70,'Protein Smoothie','3:00 PM',300,30000.00),(280,70,'Salmon with Vegetables','7:00 PM',550,60000.00),(281,71,'Oatmeal with Banana','7:00 AM',350,25000.00),(282,71,'Grilled Chicken Salad','12:30 PM',450,45000.00),(283,71,'Protein Smoothie','3:00 PM',300,30000.00),(284,71,'Salmon with Vegetables','7:00 PM',550,60000.00),(285,72,'Oatmeal with Banana','7:00 AM',350,25000.00),(286,72,'Grilled Chicken Salad','12:30 PM',450,45000.00),(287,72,'Protein Smoothie','3:00 PM',300,30000.00),(288,72,'Salmon with Vegetables','7:00 PM',550,60000.00),(289,73,'Oatmeal with Banana','7:00 AM',350,25000.00),(290,73,'Grilled Chicken Salad','12:30 PM',450,45000.00),(291,73,'Protein Smoothie','3:00 PM',300,30000.00),(292,73,'Salmon with Vegetables','7:00 PM',550,60000.00),(293,74,'Oatmeal with Banana','7:00 AM',350,25000.00),(294,74,'Grilled Chicken Salad','12:30 PM',450,45000.00),(295,74,'Protein Smoothie','3:00 PM',300,30000.00),(296,74,'Salmon with Vegetables','7:00 PM',550,60000.00),(297,75,'Oatmeal with Banana','7:00 AM',350,25000.00),(298,75,'Grilled Chicken Salad','12:30 PM',450,45000.00),(299,75,'Protein Smoothie','3:00 PM',300,30000.00),(300,75,'Salmon with Vegetables','7:00 PM',550,60000.00),(301,76,'Oatmeal with Banana','7:00 AM',350,25000.00),(302,76,'Grilled Chicken Salad','12:30 PM',450,45000.00),(303,76,'Protein Smoothie','3:00 PM',300,30000.00),(304,76,'Salmon with Vegetables','7:00 PM',550,60000.00),(305,77,'Oatmeal with Banana','7:00 AM',350,25000.00),(306,77,'Grilled Chicken Salad','12:30 PM',450,45000.00),(307,77,'Protein Smoothie','3:00 PM',300,30000.00),(308,77,'Salmon with Vegetables','7:00 PM',550,60000.00),(309,78,'Oatmeal with Banana','7:00 AM',350,25000.00),(310,78,'Grilled Chicken Salad','12:30 PM',450,45000.00),(311,78,'Protein Smoothie','3:00 PM',300,30000.00),(312,78,'Salmon with Vegetables','7:00 PM',550,60000.00),(313,79,'Oatmeal with Banana','7:00 AM',350,25000.00),(314,79,'Grilled Chicken Salad','12:30 PM',450,45000.00),(315,80,'Oatmeal with Banana','7:00 AM',350,25000.00),(316,79,'Protein Smoothie','3:00 PM',300,30000.00),(317,80,'Grilled Chicken Salad','12:30 PM',450,45000.00),(318,79,'Salmon with Vegetables','7:00 PM',550,60000.00),(319,80,'Protein Smoothie','3:00 PM',300,30000.00),(320,80,'Salmon with Vegetables','7:00 PM',550,60000.00),(321,81,'Oatmeal with Banana','7:00 AM',350,25000.00),(322,81,'Grilled Chicken Salad','12:30 PM',450,45000.00),(323,82,'Oatmeal with Banana','7:00 AM',350,25000.00),(324,81,'Protein Smoothie','3:00 PM',300,30000.00),(325,82,'Grilled Chicken Salad','12:30 PM',450,45000.00),(326,81,'Salmon with Vegetables','7:00 PM',550,60000.00),(327,82,'Protein Smoothie','3:00 PM',300,30000.00),(328,82,'Salmon with Vegetables','7:00 PM',550,60000.00),(329,83,'Oatmeal with Banana','7:00 AM',350,25000.00),(330,83,'Grilled Chicken Salad','12:30 PM',450,45000.00),(331,83,'Protein Smoothie','3:00 PM',300,30000.00),(332,83,'Salmon with Vegetables','7:00 PM',550,60000.00),(333,84,'Oatmeal with Banana','7:00 AM',350,25000.00),(334,84,'Grilled Chicken Salad','12:30 PM',450,45000.00),(335,85,'Oatmeal with Banana','7:00 AM',350,25000.00),(336,84,'Protein Smoothie','3:00 PM',300,30000.00),(337,85,'Grilled Chicken Salad','12:30 PM',450,45000.00),(338,84,'Salmon with Vegetables','7:00 PM',550,60000.00),(339,85,'Protein Smoothie','3:00 PM',300,30000.00),(340,85,'Salmon with Vegetables','7:00 PM',550,60000.00),(341,86,'Oatmeal with Banana','7:00 AM',350,25000.00),(342,86,'Grilled Chicken Salad','12:30 PM',450,45000.00),(343,86,'Protein Smoothie','3:00 PM',300,30000.00),(344,86,'Salmon with Vegetables','7:00 PM',550,60000.00),(345,87,'Oatmeal with Banana','7:00 AM',350,25000.00),(346,87,'Grilled Chicken Salad','12:30 PM',450,45000.00),(347,88,'Oatmeal with Banana','7:00 AM',350,25000.00),(348,89,'Oatmeal with Banana','7:00 AM',350,25000.00),(349,87,'Protein Smoothie','3:00 PM',300,30000.00),(350,88,'Grilled Chicken Salad','12:30 PM',450,45000.00),(351,89,'Grilled Chicken Salad','12:30 PM',450,45000.00),(352,87,'Salmon with Vegetables','7:00 PM',550,60000.00),(353,88,'Protein Smoothie','3:00 PM',300,30000.00),(354,89,'Protein Smoothie','3:00 PM',300,30000.00),(355,90,'Oatmeal with Banana','7:00 AM',350,25000.00),(356,89,'Salmon with Vegetables','7:00 PM',550,60000.00),(357,88,'Salmon with Vegetables','7:00 PM',550,60000.00),(358,90,'Grilled Chicken Salad','12:30 PM',450,45000.00),(359,90,'Protein Smoothie','3:00 PM',300,30000.00),(360,90,'Salmon with Vegetables','7:00 PM',550,60000.00),(361,91,'Oatmeal with Banana','7:00 AM',350,25000.00),(362,91,'Grilled Chicken Salad','12:30 PM',450,45000.00),(363,91,'Protein Smoothie','3:00 PM',300,30000.00),(364,92,'Oatmeal with Banana','7:00 AM',350,25000.00),(365,93,'Oatmeal with Banana','7:00 AM',350,25000.00),(366,91,'Salmon with Vegetables','7:00 PM',550,60000.00),(367,92,'Grilled Chicken Salad','12:30 PM',450,45000.00),(368,93,'Grilled Chicken Salad','12:30 PM',450,45000.00),(369,93,'Protein Smoothie','3:00 PM',300,30000.00),(370,92,'Protein Smoothie','3:00 PM',300,30000.00),(371,93,'Salmon with Vegetables','7:00 PM',550,60000.00),(372,92,'Salmon with Vegetables','7:00 PM',550,60000.00),(373,94,'Oatmeal with Banana','7:00 AM',350,25000.00),(374,95,'Oatmeal with Banana','7:00 AM',350,25000.00),(375,94,'Grilled Chicken Salad','12:30 PM',450,45000.00),(376,96,'Oatmeal with Banana','7:00 AM',350,25000.00),(377,95,'Grilled Chicken Salad','12:30 PM',450,45000.00),(378,94,'Protein Smoothie','3:00 PM',300,30000.00),(379,96,'Grilled Chicken Salad','12:30 PM',450,45000.00),(380,95,'Protein Smoothie','3:00 PM',300,30000.00),(381,94,'Salmon with Vegetables','7:00 PM',550,60000.00),(382,96,'Protein Smoothie','3:00 PM',300,30000.00),(383,95,'Salmon with Vegetables','7:00 PM',550,60000.00),(384,97,'Oatmeal with Banana','7:00 AM',350,25000.00),(385,96,'Salmon with Vegetables','7:00 PM',550,60000.00),(386,97,'Grilled Chicken Salad','12:30 PM',450,45000.00),(387,98,'Oatmeal with Banana','7:00 AM',350,25000.00),(388,97,'Protein Smoothie','3:00 PM',300,30000.00),(389,98,'Grilled Chicken Salad','12:30 PM',450,45000.00),(390,97,'Salmon with Vegetables','7:00 PM',550,60000.00),(391,98,'Protein Smoothie','3:00 PM',300,30000.00),(392,99,'Oatmeal with Banana','7:00 AM',350,25000.00),(393,98,'Salmon with Vegetables','7:00 PM',550,60000.00),(394,100,'Oatmeal with Banana','7:00 AM',350,25000.00),(395,101,'Oatmeal with Banana','7:00 AM',350,25000.00),(396,99,'Grilled Chicken Salad','12:30 PM',450,45000.00),(397,100,'Grilled Chicken Salad','12:30 PM',450,45000.00),(398,101,'Grilled Chicken Salad','12:30 PM',450,45000.00),(399,100,'Protein Smoothie','3:00 PM',300,30000.00),(400,99,'Protein Smoothie','3:00 PM',300,30000.00),(401,101,'Protein Smoothie','3:00 PM',300,30000.00),(402,102,'Oatmeal with Banana','7:00 AM',350,25000.00),(403,100,'Salmon with Vegetables','7:00 PM',550,60000.00),(404,101,'Salmon with Vegetables','7:00 PM',550,60000.00),(405,99,'Salmon with Vegetables','7:00 PM',550,60000.00),(406,102,'Grilled Chicken Salad','12:30 PM',450,45000.00),(407,103,'Oatmeal with Banana','7:00 AM',350,25000.00),(408,102,'Protein Smoothie','3:00 PM',300,30000.00),(409,103,'Grilled Chicken Salad','12:30 PM',450,45000.00),(410,102,'Salmon with Vegetables','7:00 PM',550,60000.00),(411,103,'Protein Smoothie','3:00 PM',300,30000.00),(412,103,'Salmon with Vegetables','7:00 PM',550,60000.00),(413,104,'Oatmeal with Banana','7:00 AM',350,25000.00),(414,105,'Oatmeal with Banana','7:00 AM',350,25000.00),(415,104,'Grilled Chicken Salad','12:30 PM',450,45000.00),(416,105,'Grilled Chicken Salad','12:30 PM',450,45000.00),(417,106,'Oatmeal with Banana','7:00 AM',350,25000.00),(418,104,'Protein Smoothie','3:00 PM',300,30000.00),(419,106,'Grilled Chicken Salad','12:30 PM',450,45000.00),(420,105,'Protein Smoothie','3:00 PM',300,30000.00),(421,107,'Oatmeal with Banana','7:00 AM',350,25000.00),(422,106,'Protein Smoothie','3:00 PM',300,30000.00),(423,104,'Salmon with Vegetables','7:00 PM',550,60000.00),(424,105,'Salmon with Vegetables','7:00 PM',550,60000.00),(425,107,'Grilled Chicken Salad','12:30 PM',450,45000.00),(426,106,'Salmon with Vegetables','7:00 PM',550,60000.00),(427,108,'Oatmeal with Banana','7:00 AM',350,25000.00),(428,107,'Protein Smoothie','3:00 PM',300,30000.00),(429,108,'Grilled Chicken Salad','12:30 PM',450,45000.00),(430,107,'Salmon with Vegetables','7:00 PM',550,60000.00),(431,108,'Protein Smoothie','3:00 PM',300,30000.00),(432,108,'Salmon with Vegetables','7:00 PM',550,60000.00),(433,109,'Oatmeal with Banana','7:00 AM',350,25000.00),(434,110,'Oatmeal with Banana','7:00 AM',350,25000.00),(435,111,'Oatmeal with Banana','7:00 AM',350,25000.00),(436,109,'Grilled Chicken Salad','12:30 PM',450,45000.00),(437,110,'Grilled Chicken Salad','12:30 PM',450,45000.00),(438,111,'Grilled Chicken Salad','12:30 PM',450,45000.00),(439,109,'Protein Smoothie','3:00 PM',300,30000.00),(440,112,'Oatmeal with Banana','7:00 AM',350,25000.00),(441,109,'Salmon with Vegetables','7:00 PM',550,60000.00),(442,111,'Protein Smoothie','3:00 PM',300,30000.00),(443,110,'Protein Smoothie','3:00 PM',300,30000.00),(444,112,'Grilled Chicken Salad','12:30 PM',450,45000.00),(445,110,'Salmon with Vegetables','7:00 PM',550,60000.00),(446,111,'Salmon with Vegetables','7:00 PM',550,60000.00),(447,112,'Protein Smoothie','3:00 PM',300,30000.00),(448,113,'Oatmeal with Banana','7:00 AM',350,25000.00),(449,112,'Salmon with Vegetables','7:00 PM',550,60000.00),(450,113,'Grilled Chicken Salad','12:30 PM',450,45000.00),(451,113,'Protein Smoothie','3:00 PM',300,30000.00),(452,113,'Salmon with Vegetables','7:00 PM',550,60000.00),(453,114,'Oatmeal with Banana','7:00 AM',350,25000.00),(454,116,'Oatmeal with Banana','7:00 AM',350,25000.00),(455,115,'Oatmeal with Banana','7:00 AM',350,25000.00),(456,114,'Grilled Chicken Salad','12:30 PM',450,45000.00),(457,116,'Grilled Chicken Salad','12:30 PM',450,45000.00),(458,115,'Grilled Chicken Salad','12:30 PM',450,45000.00),(459,117,'Oatmeal with Banana','7:00 AM',350,25000.00),(460,114,'Protein Smoothie','3:00 PM',300,30000.00),(461,117,'Grilled Chicken Salad','12:30 PM',450,45000.00),(462,116,'Protein Smoothie','3:00 PM',300,30000.00),(463,114,'Salmon with Vegetables','7:00 PM',550,60000.00),(464,115,'Protein Smoothie','3:00 PM',300,30000.00),(465,118,'Oatmeal with Banana','7:00 AM',350,25000.00),(466,117,'Protein Smoothie','3:00 PM',300,30000.00),(467,116,'Salmon with Vegetables','7:00 PM',550,60000.00),(468,115,'Salmon with Vegetables','7:00 PM',550,60000.00),(469,118,'Grilled Chicken Salad','12:30 PM',450,45000.00),(470,117,'Salmon with Vegetables','7:00 PM',550,60000.00),(471,118,'Protein Smoothie','3:00 PM',300,30000.00),(472,118,'Salmon with Vegetables','7:00 PM',550,60000.00),(473,119,'Oatmeal with Banana','7:00 AM',350,25000.00),(474,121,'Oatmeal with Banana','7:00 AM',350,25000.00),(475,120,'Oatmeal with Banana','7:00 AM',350,25000.00),(476,119,'Grilled Chicken Salad','12:30 PM',450,45000.00),(477,122,'Oatmeal with Banana','7:00 AM',350,25000.00),(478,120,'Grilled Chicken Salad','12:30 PM',450,45000.00),(479,121,'Grilled Chicken Salad','12:30 PM',450,45000.00),(480,119,'Protein Smoothie','3:00 PM',300,30000.00),(481,122,'Grilled Chicken Salad','12:30 PM',450,45000.00),(482,120,'Protein Smoothie','3:00 PM',300,30000.00),(483,121,'Protein Smoothie','3:00 PM',300,30000.00),(484,119,'Salmon with Vegetables','7:00 PM',550,60000.00),(485,123,'Oatmeal with Banana','7:00 AM',350,25000.00),(486,122,'Protein Smoothie','3:00 PM',300,30000.00),(487,120,'Salmon with Vegetables','7:00 PM',550,60000.00),(488,121,'Salmon with Vegetables','7:00 PM',550,60000.00),(489,123,'Grilled Chicken Salad','12:30 PM',450,45000.00),(490,122,'Salmon with Vegetables','7:00 PM',550,60000.00),(491,123,'Protein Smoothie','3:00 PM',300,30000.00),(492,123,'Salmon with Vegetables','7:00 PM',550,60000.00),(493,124,'Oatmeal with Banana','7:00 AM',350,25000.00),(494,125,'Oatmeal with Banana','7:00 AM',350,25000.00),(495,124,'Grilled Chicken Salad','12:30 PM',450,45000.00),(496,126,'Oatmeal with Banana','7:00 AM',350,25000.00),(497,127,'Oatmeal with Banana','7:00 AM',350,25000.00),(498,125,'Grilled Chicken Salad','12:30 PM',450,45000.00),(499,124,'Protein Smoothie','3:00 PM',300,30000.00),(500,126,'Grilled Chicken Salad','12:30 PM',450,45000.00),(501,125,'Protein Smoothie','3:00 PM',300,30000.00),(502,127,'Grilled Chicken Salad','12:30 PM',450,45000.00),(503,124,'Salmon with Vegetables','7:00 PM',550,60000.00),(504,126,'Protein Smoothie','3:00 PM',300,30000.00),(505,127,'Protein Smoothie','3:00 PM',300,30000.00),(506,128,'Oatmeal with Banana','7:00 AM',350,25000.00),(507,125,'Salmon with Vegetables','7:00 PM',550,60000.00),(508,126,'Salmon with Vegetables','7:00 PM',550,60000.00),(509,127,'Salmon with Vegetables','7:00 PM',550,60000.00),(510,128,'Grilled Chicken Salad','12:30 PM',450,45000.00),(511,128,'Protein Smoothie','3:00 PM',300,30000.00),(512,128,'Salmon with Vegetables','7:00 PM',550,60000.00),(513,129,'Oatmeal with Banana','7:00 AM',350,25000.00),(514,130,'Oatmeal with Banana','7:00 AM',350,25000.00),(515,131,'Oatmeal with Banana','7:00 AM',350,25000.00),(516,129,'Grilled Chicken Salad','12:30 PM',450,45000.00),(517,130,'Grilled Chicken Salad','12:30 PM',450,45000.00),(518,131,'Grilled Chicken Salad','12:30 PM',450,45000.00),(519,129,'Protein Smoothie','3:00 PM',300,30000.00),(520,130,'Protein Smoothie','3:00 PM',300,30000.00),(521,131,'Protein Smoothie','3:00 PM',300,30000.00),(522,129,'Salmon with Vegetables','7:00 PM',550,60000.00),(523,130,'Salmon with Vegetables','7:00 PM',550,60000.00),(524,132,'Oatmeal with Banana','7:00 AM',350,25000.00),(525,131,'Salmon with Vegetables','7:00 PM',550,60000.00),(526,132,'Grilled Chicken Salad','12:30 PM',450,45000.00),(527,132,'Protein Smoothie','3:00 PM',300,30000.00),(528,132,'Salmon with Vegetables','7:00 PM',550,60000.00),(529,133,'Oatmeal with Banana','7:00 AM',350,25000.00),(530,134,'Oatmeal with Banana','7:00 AM',350,25000.00),(531,133,'Grilled Chicken Salad','12:30 PM',450,45000.00),(532,134,'Grilled Chicken Salad','12:30 PM',450,45000.00),(533,135,'Oatmeal with Banana','7:00 AM',350,25000.00),(534,133,'Protein Smoothie','3:00 PM',300,30000.00),(535,134,'Protein Smoothie','3:00 PM',300,30000.00),(536,135,'Grilled Chicken Salad','12:30 PM',450,45000.00),(537,133,'Salmon with Vegetables','7:00 PM',550,60000.00),(538,134,'Salmon with Vegetables','7:00 PM',550,60000.00),(539,136,'Oatmeal with Banana','7:00 AM',350,25000.00),(540,135,'Protein Smoothie','3:00 PM',300,30000.00),(541,136,'Grilled Chicken Salad','12:30 PM',450,45000.00),(542,135,'Salmon with Vegetables','7:00 PM',550,60000.00),(543,136,'Protein Smoothie','3:00 PM',300,30000.00),(544,136,'Salmon with Vegetables','7:00 PM',550,60000.00),(545,137,'Oatmeal with Banana','7:00 AM',350,25000.00),(546,137,'Grilled Chicken Salad','12:30 PM',450,45000.00),(547,138,'Oatmeal with Banana','7:00 AM',350,25000.00),(548,137,'Protein Smoothie','3:00 PM',300,30000.00),(549,138,'Grilled Chicken Salad','12:30 PM',450,45000.00),(550,137,'Salmon with Vegetables','7:00 PM',550,60000.00),(551,139,'Oatmeal with Banana','7:00 AM',350,25000.00),(552,138,'Protein Smoothie','3:00 PM',300,30000.00),(553,139,'Grilled Chicken Salad','12:30 PM',450,45000.00),(554,138,'Salmon with Vegetables','7:00 PM',550,60000.00),(555,139,'Protein Smoothie','3:00 PM',300,30000.00),(556,140,'Oatmeal with Banana','7:00 AM',350,25000.00),(557,139,'Salmon with Vegetables','7:00 PM',550,60000.00),(558,140,'Grilled Chicken Salad','12:30 PM',450,45000.00),(559,140,'Protein Smoothie','3:00 PM',300,30000.00),(560,141,'Oatmeal with Banana','7:00 AM',350,25000.00),(561,140,'Salmon with Vegetables','7:00 PM',550,60000.00),(562,141,'Grilled Chicken Salad','12:30 PM',450,45000.00),(563,142,'Oatmeal with Banana','7:00 AM',350,25000.00),(564,141,'Protein Smoothie','3:00 PM',300,30000.00),(565,142,'Grilled Chicken Salad','12:30 PM',450,45000.00),(566,143,'Oatmeal with Banana','7:00 AM',350,25000.00),(567,141,'Salmon with Vegetables','7:00 PM',550,60000.00),(568,142,'Protein Smoothie','3:00 PM',300,30000.00),(569,143,'Grilled Chicken Salad','12:30 PM',450,45000.00),(570,143,'Protein Smoothie','3:00 PM',300,30000.00),(571,142,'Salmon with Vegetables','7:00 PM',550,60000.00),(572,144,'Oatmeal with Banana','7:00 AM',350,25000.00),(573,143,'Salmon with Vegetables','7:00 PM',550,60000.00),(574,144,'Grilled Chicken Salad','12:30 PM',450,45000.00),(575,144,'Protein Smoothie','3:00 PM',300,30000.00),(576,145,'Oatmeal with Banana','7:00 AM',350,25000.00),(577,144,'Salmon with Vegetables','7:00 PM',550,60000.00),(578,145,'Grilled Chicken Salad','12:30 PM',450,45000.00),(579,145,'Protein Smoothie','3:00 PM',300,30000.00),(580,147,'Oatmeal with Banana','7:00 AM',350,25000.00),(581,146,'Oatmeal with Banana','7:00 AM',350,25000.00),(582,145,'Salmon with Vegetables','7:00 PM',550,60000.00),(583,146,'Grilled Chicken Salad','12:30 PM',450,45000.00),(584,147,'Grilled Chicken Salad','12:30 PM',450,45000.00),(585,147,'Protein Smoothie','3:00 PM',300,30000.00),(586,146,'Protein Smoothie','3:00 PM',300,30000.00),(587,147,'Salmon with Vegetables','7:00 PM',550,60000.00),(588,146,'Salmon with Vegetables','7:00 PM',550,60000.00),(589,148,'Oatmeal with Banana','7:00 AM',350,25000.00),(590,148,'Grilled Chicken Salad','12:30 PM',450,45000.00),(591,149,'Oatmeal with Banana','7:00 AM',350,25000.00),(592,148,'Protein Smoothie','3:00 PM',300,30000.00),(593,148,'Salmon with Vegetables','7:00 PM',550,60000.00),(594,149,'Grilled Chicken Salad','12:30 PM',450,45000.00),(595,149,'Protein Smoothie','3:00 PM',300,30000.00),(596,150,'Oatmeal with Banana','7:00 AM',350,25000.00),(597,151,'Oatmeal with Banana','7:00 AM',350,25000.00),(598,149,'Salmon with Vegetables','7:00 PM',550,60000.00),(599,151,'Grilled Chicken Salad','12:30 PM',450,45000.00),(600,150,'Grilled Chicken Salad','12:30 PM',450,45000.00),(601,151,'Protein Smoothie','3:00 PM',300,30000.00),(602,150,'Protein Smoothie','3:00 PM',300,30000.00),(603,151,'Salmon with Vegetables','7:00 PM',550,60000.00),(604,150,'Salmon with Vegetables','7:00 PM',550,60000.00),(605,152,'Oatmeal with Banana','7:00 AM',350,25000.00),(606,152,'Grilled Chicken Salad','12:30 PM',450,45000.00),(607,152,'Protein Smoothie','3:00 PM',300,30000.00),(608,153,'Oatmeal with Banana','7:00 AM',350,25000.00),(609,153,'Grilled Chicken Salad','12:30 PM',450,45000.00),(610,152,'Salmon with Vegetables','7:00 PM',550,60000.00),(611,153,'Protein Smoothie','3:00 PM',300,30000.00),(612,154,'Oatmeal with Banana','7:00 AM',350,25000.00),(613,155,'Oatmeal with Banana','7:00 AM',350,25000.00),(614,153,'Salmon with Vegetables','7:00 PM',550,60000.00),(615,154,'Grilled Chicken Salad','12:30 PM',450,45000.00),(616,155,'Grilled Chicken Salad','12:30 PM',450,45000.00),(617,154,'Protein Smoothie','3:00 PM',300,30000.00),(618,155,'Protein Smoothie','3:00 PM',300,30000.00),(619,154,'Salmon with Vegetables','7:00 PM',550,60000.00),(620,155,'Salmon with Vegetables','7:00 PM',550,60000.00),(621,156,'Oatmeal with Banana','7:00 AM',350,25000.00),(622,157,'Oatmeal with Banana','7:00 AM',350,25000.00),(623,156,'Grilled Chicken Salad','12:30 PM',450,45000.00),(624,157,'Grilled Chicken Salad','12:30 PM',450,45000.00),(625,156,'Protein Smoothie','3:00 PM',300,30000.00),(626,157,'Protein Smoothie','3:00 PM',300,30000.00),(627,158,'Oatmeal with Banana','7:00 AM',350,25000.00),(628,156,'Salmon with Vegetables','7:00 PM',550,60000.00),(629,157,'Salmon with Vegetables','7:00 PM',550,60000.00),(630,159,'Oatmeal with Banana','7:00 AM',350,25000.00),(631,158,'Grilled Chicken Salad','12:30 PM',450,45000.00),(632,159,'Grilled Chicken Salad','12:30 PM',450,45000.00),(633,158,'Protein Smoothie','3:00 PM',300,30000.00),(634,158,'Salmon with Vegetables','7:00 PM',550,60000.00),(635,159,'Protein Smoothie','3:00 PM',300,30000.00),(636,159,'Salmon with Vegetables','7:00 PM',550,60000.00),(637,160,'Oatmeal with Banana','7:00 AM',350,25000.00),(638,161,'Oatmeal with Banana','7:00 AM',350,25000.00),(639,160,'Grilled Chicken Salad','12:30 PM',450,45000.00),(640,161,'Grilled Chicken Salad','12:30 PM',450,45000.00),(641,161,'Protein Smoothie','3:00 PM',300,30000.00),(642,160,'Protein Smoothie','3:00 PM',300,30000.00),(643,162,'Oatmeal with Banana','7:00 AM',350,25000.00),(644,160,'Salmon with Vegetables','7:00 PM',550,60000.00),(645,161,'Salmon with Vegetables','7:00 PM',550,60000.00),(646,162,'Grilled Chicken Salad','12:30 PM',450,45000.00),(647,163,'Oatmeal with Banana','7:00 AM',350,25000.00),(648,163,'Grilled Chicken Salad','12:30 PM',450,45000.00),(649,162,'Protein Smoothie','3:00 PM',300,30000.00),(650,163,'Protein Smoothie','3:00 PM',300,30000.00),(651,162,'Salmon with Vegetables','7:00 PM',550,60000.00),(652,163,'Salmon with Vegetables','7:00 PM',550,60000.00),(653,165,'Oatmeal with Banana','7:00 AM',350,25000.00),(654,164,'Oatmeal with Banana','7:00 AM',350,25000.00),(655,164,'Grilled Chicken Salad','12:30 PM',450,45000.00),(656,165,'Grilled Chicken Salad','12:30 PM',450,45000.00),(657,165,'Protein Smoothie','3:00 PM',300,30000.00),(658,164,'Protein Smoothie','3:00 PM',300,30000.00),(659,166,'Oatmeal with Banana','7:00 AM',350,25000.00),(660,165,'Salmon with Vegetables','7:00 PM',550,60000.00),(661,164,'Salmon with Vegetables','7:00 PM',550,60000.00),(662,166,'Grilled Chicken Salad','12:30 PM',450,45000.00),(663,167,'Oatmeal with Banana','7:00 AM',350,25000.00),(664,167,'Grilled Chicken Salad','12:30 PM',450,45000.00),(665,166,'Protein Smoothie','3:00 PM',300,30000.00),(666,167,'Protein Smoothie','3:00 PM',300,30000.00),(667,166,'Salmon with Vegetables','7:00 PM',550,60000.00),(668,167,'Salmon with Vegetables','7:00 PM',550,60000.00),(669,168,'Oatmeal with Banana','7:00 AM',350,25000.00),(670,169,'Oatmeal with Banana','7:00 AM',350,25000.00),(671,168,'Grilled Chicken Salad','12:30 PM',450,45000.00),(672,169,'Grilled Chicken Salad','12:30 PM',450,45000.00),(673,168,'Protein Smoothie','3:00 PM',300,30000.00),(674,169,'Protein Smoothie','3:00 PM',300,30000.00),(675,168,'Salmon with Vegetables','7:00 PM',550,60000.00),(676,170,'Oatmeal with Banana','7:00 AM',350,25000.00),(677,171,'Oatmeal with Banana','7:00 AM',350,25000.00),(678,169,'Salmon with Vegetables','7:00 PM',550,60000.00),(679,170,'Grilled Chicken Salad','12:30 PM',450,45000.00),(680,171,'Grilled Chicken Salad','12:30 PM',450,45000.00),(681,170,'Protein Smoothie','3:00 PM',300,30000.00),(682,171,'Protein Smoothie','3:00 PM',300,30000.00),(683,170,'Salmon with Vegetables','7:00 PM',550,60000.00),(684,171,'Salmon with Vegetables','7:00 PM',550,60000.00),(685,172,'Oatmeal with Banana','7:00 AM',350,25000.00),(686,173,'Oatmeal with Banana','7:00 AM',350,25000.00),(687,172,'Grilled Chicken Salad','12:30 PM',450,45000.00),(688,173,'Grilled Chicken Salad','12:30 PM',450,45000.00),(689,172,'Protein Smoothie','3:00 PM',300,30000.00),(690,173,'Protein Smoothie','3:00 PM',300,30000.00),(691,174,'Oatmeal with Banana','7:00 AM',350,25000.00),(692,172,'Salmon with Vegetables','7:00 PM',550,60000.00),(693,173,'Salmon with Vegetables','7:00 PM',550,60000.00),(694,175,'Oatmeal with Banana','7:00 AM',350,25000.00),(695,174,'Grilled Chicken Salad','12:30 PM',450,45000.00),(696,175,'Grilled Chicken Salad','12:30 PM',450,45000.00),(697,174,'Protein Smoothie','3:00 PM',300,30000.00),(698,175,'Protein Smoothie','3:00 PM',300,30000.00),(699,174,'Salmon with Vegetables','7:00 PM',550,60000.00),(700,175,'Salmon with Vegetables','7:00 PM',550,60000.00),(701,176,'Oatmeal with Banana','7:00 AM',350,25000.00),(702,177,'Oatmeal with Banana','7:00 AM',350,25000.00),(703,176,'Grilled Chicken Salad','12:30 PM',450,45000.00),(704,177,'Grilled Chicken Salad','12:30 PM',450,45000.00),(705,176,'Protein Smoothie','3:00 PM',300,30000.00),(706,177,'Protein Smoothie','3:00 PM',300,30000.00),(707,178,'Oatmeal with Banana','7:00 AM',350,25000.00),(708,176,'Salmon with Vegetables','7:00 PM',550,60000.00),(709,179,'Oatmeal with Banana','7:00 AM',350,25000.00),(710,177,'Salmon with Vegetables','7:00 PM',550,60000.00),(711,178,'Grilled Chicken Salad','12:30 PM',450,45000.00),(712,179,'Grilled Chicken Salad','12:30 PM',450,45000.00),(713,178,'Protein Smoothie','3:00 PM',300,30000.00),(714,179,'Protein Smoothie','3:00 PM',300,30000.00),(715,178,'Salmon with Vegetables','7:00 PM',550,60000.00),(716,179,'Salmon with Vegetables','7:00 PM',550,60000.00),(717,180,'Oatmeal with Banana','7:00 AM',350,25000.00),(718,181,'Oatmeal with Banana','7:00 AM',350,25000.00),(719,180,'Grilled Chicken Salad','12:30 PM',450,45000.00),(720,181,'Grilled Chicken Salad','12:30 PM',450,45000.00),(721,180,'Protein Smoothie','3:00 PM',300,30000.00),(722,181,'Protein Smoothie','3:00 PM',300,30000.00),(723,180,'Salmon with Vegetables','7:00 PM',550,60000.00),(724,182,'Oatmeal with Banana','7:00 AM',350,25000.00),(725,181,'Salmon with Vegetables','7:00 PM',550,60000.00),(726,183,'Oatmeal with Banana','7:00 AM',350,25000.00),(727,183,'Grilled Chicken Salad','12:30 PM',450,45000.00),(728,182,'Grilled Chicken Salad','12:30 PM',450,45000.00),(729,183,'Protein Smoothie','3:00 PM',300,30000.00),(730,182,'Protein Smoothie','3:00 PM',300,30000.00),(731,183,'Salmon with Vegetables','7:00 PM',550,60000.00),(732,182,'Salmon with Vegetables','7:00 PM',550,60000.00),(733,184,'Oatmeal with Banana','7:00 AM',350,25000.00),(734,185,'Oatmeal with Banana','7:00 AM',350,25000.00),(735,184,'Grilled Chicken Salad','12:30 PM',450,45000.00),(736,185,'Grilled Chicken Salad','12:30 PM',450,45000.00),(737,184,'Protein Smoothie','3:00 PM',300,30000.00),(738,185,'Protein Smoothie','3:00 PM',300,30000.00),(739,184,'Salmon with Vegetables','7:00 PM',550,60000.00),(740,185,'Salmon with Vegetables','7:00 PM',550,60000.00),(741,186,'Oatmeal with Banana','7:00 AM',350,25000.00),(742,187,'Oatmeal with Banana','7:00 AM',350,25000.00),(743,186,'Grilled Chicken Salad','12:30 PM',450,45000.00),(744,187,'Grilled Chicken Salad','12:30 PM',450,45000.00),(745,186,'Protein Smoothie','3:00 PM',300,30000.00),(746,187,'Protein Smoothie','3:00 PM',300,30000.00),(747,186,'Salmon with Vegetables','7:00 PM',550,60000.00),(748,187,'Salmon with Vegetables','7:00 PM',550,60000.00),(749,188,'Oatmeal with Banana','7:00 AM',350,25000.00),(750,189,'Oatmeal with Banana','7:00 AM',350,25000.00),(751,188,'Grilled Chicken Salad','12:30 PM',450,45000.00),(752,189,'Grilled Chicken Salad','12:30 PM',450,45000.00),(753,188,'Protein Smoothie','3:00 PM',300,30000.00),(754,190,'Oatmeal with Banana','7:00 AM',350,25000.00),(755,188,'Salmon with Vegetables','7:00 PM',550,60000.00),(756,189,'Protein Smoothie','3:00 PM',300,30000.00),(757,191,'Oatmeal with Banana','7:00 AM',350,25000.00),(758,190,'Grilled Chicken Salad','12:30 PM',450,45000.00),(759,190,'Protein Smoothie','3:00 PM',300,30000.00),(760,191,'Grilled Chicken Salad','12:30 PM',450,45000.00),(761,189,'Salmon with Vegetables','7:00 PM',550,60000.00),(762,191,'Protein Smoothie','3:00 PM',300,30000.00),(763,190,'Salmon with Vegetables','7:00 PM',550,60000.00),(764,191,'Salmon with Vegetables','7:00 PM',550,60000.00),(765,192,'Oatmeal with Banana','7:00 AM',350,25000.00),(766,192,'Grilled Chicken Salad','12:30 PM',450,45000.00),(767,192,'Protein Smoothie','3:00 PM',300,30000.00),(768,193,'Oatmeal with Banana','7:00 AM',350,25000.00),(769,192,'Salmon with Vegetables','7:00 PM',550,60000.00),(770,194,'Oatmeal with Banana','7:00 AM',350,25000.00),(771,193,'Grilled Chicken Salad','12:30 PM',450,45000.00),(772,195,'Oatmeal with Banana','7:00 AM',350,25000.00),(773,194,'Grilled Chicken Salad','12:30 PM',450,45000.00),(774,193,'Protein Smoothie','3:00 PM',300,30000.00),(775,195,'Grilled Chicken Salad','12:30 PM',450,45000.00),(776,193,'Salmon with Vegetables','7:00 PM',550,60000.00),(777,194,'Protein Smoothie','3:00 PM',300,30000.00),(778,195,'Protein Smoothie','3:00 PM',300,30000.00),(779,194,'Salmon with Vegetables','7:00 PM',550,60000.00),(780,195,'Salmon with Vegetables','7:00 PM',550,60000.00),(781,196,'Oatmeal with Banana','7:00 AM',350,25000.00),(782,196,'Grilled Chicken Salad','12:30 PM',450,45000.00),(783,196,'Protein Smoothie','3:00 PM',300,30000.00),(784,197,'Oatmeal with Banana','7:00 AM',350,25000.00),(785,196,'Salmon with Vegetables','7:00 PM',550,60000.00),(786,197,'Grilled Chicken Salad','12:30 PM',450,45000.00),(787,199,'Oatmeal with Banana','7:00 AM',350,25000.00),(788,198,'Oatmeal with Banana','7:00 AM',350,25000.00),(789,197,'Protein Smoothie','3:00 PM',300,30000.00),(790,198,'Grilled Chicken Salad','12:30 PM',450,45000.00),(791,199,'Grilled Chicken Salad','12:30 PM',450,45000.00),(792,197,'Salmon with Vegetables','7:00 PM',550,60000.00),(793,199,'Protein Smoothie','3:00 PM',300,30000.00),(794,198,'Protein Smoothie','3:00 PM',300,30000.00),(795,199,'Salmon with Vegetables','7:00 PM',550,60000.00),(796,198,'Salmon with Vegetables','7:00 PM',550,60000.00),(797,200,'Oatmeal with Banana','7:00 AM',350,25000.00),(798,200,'Grilled Chicken Salad','12:30 PM',450,45000.00),(799,200,'Protein Smoothie','3:00 PM',300,30000.00),(800,200,'Salmon with Vegetables','7:00 PM',550,60000.00),(801,201,'Oatmeal with Banana','7:00 AM',350,25000.00),(802,202,'Oatmeal with Banana','7:00 AM',350,25000.00),(803,201,'Grilled Chicken Salad','12:30 PM',450,45000.00),(804,202,'Grilled Chicken Salad','12:30 PM',450,45000.00),(805,201,'Protein Smoothie','3:00 PM',300,30000.00),(806,202,'Protein Smoothie','3:00 PM',300,30000.00),(807,201,'Salmon with Vegetables','7:00 PM',550,60000.00),(808,202,'Salmon with Vegetables','7:00 PM',550,60000.00),(809,203,'Oatmeal with Banana','7:00 AM',350,25000.00),(810,203,'Grilled Chicken Salad','12:30 PM',450,45000.00),(811,203,'Protein Smoothie','3:00 PM',300,30000.00),(812,203,'Salmon with Vegetables','7:00 PM',550,60000.00),(813,204,'Oatmeal with Banana','7:00 AM',350,25000.00),(814,205,'Oatmeal with Banana','7:00 AM',350,25000.00),(815,204,'Grilled Chicken Salad','12:30 PM',450,45000.00),(816,205,'Grilled Chicken Salad','12:30 PM',450,45000.00),(817,204,'Protein Smoothie','3:00 PM',300,30000.00),(818,205,'Protein Smoothie','3:00 PM',300,30000.00),(819,204,'Salmon with Vegetables','7:00 PM',550,60000.00),(820,205,'Salmon with Vegetables','7:00 PM',550,60000.00),(821,206,'Oatmeal with Banana','7:00 AM',350,25000.00),(822,206,'Grilled Chicken Salad','12:30 PM',450,45000.00),(823,206,'Protein Smoothie','3:00 PM',300,30000.00),(824,206,'Salmon with Vegetables','7:00 PM',550,60000.00),(825,207,'Oatmeal with Banana','7:00 AM',350,25000.00),(826,207,'Grilled Chicken Salad','12:30 PM',450,45000.00),(827,207,'Protein Smoothie','3:00 PM',300,30000.00),(828,207,'Salmon with Vegetables','7:00 PM',550,60000.00),(829,208,'Oatmeal with Banana','7:00 AM',350,25000.00),(830,208,'Grilled Chicken Salad','12:30 PM',450,45000.00),(831,208,'Protein Smoothie','3:00 PM',300,30000.00),(832,208,'Salmon with Vegetables','7:00 PM',550,60000.00),(833,209,'Oatmeal with Banana','7:00 AM',350,25000.00),(834,209,'Grilled Chicken Salad','12:30 PM',450,45000.00),(835,209,'Protein Smoothie','3:00 PM',300,30000.00),(836,209,'Salmon with Vegetables','7:00 PM',550,60000.00),(837,210,'Oatmeal with Banana','7:00 AM',350,25000.00),(838,210,'Grilled Chicken Salad','12:30 PM',450,45000.00),(839,210,'Protein Smoothie','3:00 PM',300,30000.00),(840,210,'Salmon with Vegetables','7:00 PM',550,60000.00),(841,211,'Oatmeal with Banana','7:00 AM',350,25000.00),(842,211,'Grilled Chicken Salad','12:30 PM',450,45000.00),(843,211,'Protein Smoothie','3:00 PM',300,30000.00),(844,211,'Salmon with Vegetables','7:00 PM',550,60000.00),(845,212,'Oatmeal with Banana','7:00 AM',350,25000.00),(846,212,'Grilled Chicken Salad','12:30 PM',450,45000.00),(847,212,'Protein Smoothie','3:00 PM',300,30000.00),(848,212,'Salmon with Vegetables','7:00 PM',550,60000.00),(849,213,'Oatmeal with Banana','7:00 AM',350,25000.00),(850,213,'Grilled Chicken Salad','12:30 PM',450,45000.00),(851,213,'Protein Smoothie','3:00 PM',300,30000.00),(852,213,'Salmon with Vegetables','7:00 PM',550,60000.00),(853,214,'Oatmeal with Banana','7:00 AM',350,25000.00),(854,214,'Grilled Chicken Salad','12:30 PM',450,45000.00),(855,214,'Protein Smoothie','3:00 PM',300,30000.00),(856,214,'Salmon with Vegetables','7:00 PM',550,60000.00),(857,215,'Oatmeal with Banana','7:00 AM',350,25000.00),(858,215,'Grilled Chicken Salad','12:30 PM',450,45000.00),(859,215,'Protein Smoothie','3:00 PM',300,30000.00),(860,215,'Salmon with Vegetables','7:00 PM',550,60000.00),(861,216,'Oatmeal with Banana','7:00 AM',350,25000.00),(862,216,'Grilled Chicken Salad','12:30 PM',450,45000.00),(863,216,'Protein Smoothie','3:00 PM',300,30000.00),(864,216,'Salmon with Vegetables','7:00 PM',550,60000.00),(865,217,'Oatmeal with Banana','7:00 AM',350,25000.00),(866,217,'Grilled Chicken Salad','12:30 PM',450,45000.00),(867,217,'Protein Smoothie','3:00 PM',300,30000.00),(868,217,'Salmon with Vegetables','7:00 PM',550,60000.00),(869,218,'Oatmeal with Banana','7:00 AM',350,25000.00),(870,218,'Grilled Chicken Salad','12:30 PM',450,45000.00),(871,218,'Protein Smoothie','3:00 PM',300,30000.00),(872,218,'Salmon with Vegetables','7:00 PM',550,60000.00),(873,219,'Oatmeal with Banana','7:00 AM',350,25000.00),(874,219,'Grilled Chicken Salad','12:30 PM',450,45000.00),(875,219,'Protein Smoothie','3:00 PM',300,30000.00),(876,219,'Salmon with Vegetables','7:00 PM',550,60000.00),(877,220,'Oatmeal with Banana','7:00 AM',350,25000.00),(878,220,'Grilled Chicken Salad','12:30 PM',450,45000.00),(879,220,'Protein Smoothie','3:00 PM',300,30000.00),(880,220,'Salmon with Vegetables','7:00 PM',550,60000.00),(881,221,'Oatmeal with Banana','7:00 AM',350,25000.00),(882,221,'Grilled Chicken Salad','12:30 PM',450,45000.00),(883,221,'Protein Smoothie','3:00 PM',300,30000.00),(884,221,'Salmon with Vegetables','7:00 PM',550,60000.00),(885,222,'Oatmeal with Banana','7:00 AM',350,25000.00),(886,222,'Grilled Chicken Salad','12:30 PM',450,45000.00),(887,222,'Protein Smoothie','3:00 PM',300,30000.00),(888,222,'Salmon with Vegetables','7:00 PM',550,60000.00),(889,223,'Oatmeal with Banana','7:00 AM',350,25000.00),(890,223,'Grilled Chicken Salad','12:30 PM',450,45000.00),(891,223,'Protein Smoothie','3:00 PM',300,30000.00),(892,223,'Salmon with Vegetables','7:00 PM',550,60000.00),(893,224,'Oatmeal with Banana','7:00 AM',350,25000.00),(894,224,'Grilled Chicken Salad','12:30 PM',450,45000.00),(895,224,'Protein Smoothie','3:00 PM',300,30000.00),(896,224,'Salmon with Vegetables','7:00 PM',550,60000.00),(897,225,'Oatmeal with Banana','7:00 AM',350,25000.00),(898,225,'Grilled Chicken Salad','12:30 PM',450,45000.00),(899,225,'Protein Smoothie','3:00 PM',300,30000.00),(900,225,'Salmon with Vegetables','7:00 PM',550,60000.00),(901,226,'Oatmeal with Banana','7:00 AM',350,25000.00),(902,226,'Grilled Chicken Salad','12:30 PM',450,45000.00),(903,226,'Protein Smoothie','3:00 PM',300,30000.00),(904,226,'Salmon with Vegetables','7:00 PM',550,60000.00),(905,227,'Oatmeal with Banana','7:00 AM',350,25000.00),(906,227,'Grilled Chicken Salad','12:30 PM',450,45000.00),(907,227,'Protein Smoothie','3:00 PM',300,30000.00),(908,227,'Salmon with Vegetables','7:00 PM',550,60000.00),(909,228,'Oatmeal with Banana','7:00 AM',350,25000.00),(910,228,'Grilled Chicken Salad','12:30 PM',450,45000.00),(911,228,'Protein Smoothie','3:00 PM',300,30000.00),(912,228,'Salmon with Vegetables','7:00 PM',550,60000.00),(913,229,'Oatmeal with Banana','7:00 AM',350,25000.00),(914,229,'Grilled Chicken Salad','12:30 PM',450,45000.00),(915,229,'Protein Smoothie','3:00 PM',300,30000.00),(916,229,'Salmon with Vegetables','7:00 PM',550,60000.00),(917,230,'Oatmeal with Banana','7:00 AM',350,25000.00),(918,230,'Grilled Chicken Salad','12:30 PM',450,45000.00),(919,230,'Protein Smoothie','3:00 PM',300,30000.00),(920,230,'Salmon with Vegetables','7:00 PM',550,60000.00),(921,231,'Oatmeal with Banana','7:00 AM',350,25000.00),(922,231,'Grilled Chicken Salad','12:30 PM',450,45000.00),(923,231,'Protein Smoothie','3:00 PM',300,30000.00),(924,231,'Salmon with Vegetables','7:00 PM',550,60000.00),(925,232,'Oatmeal with Banana','7:00 AM',350,25000.00),(926,232,'Grilled Chicken Salad','12:30 PM',450,45000.00),(927,232,'Protein Smoothie','3:00 PM',300,30000.00),(928,232,'Salmon with Vegetables','7:00 PM',550,60000.00),(929,233,'Oatmeal with Banana','7:00 AM',350,25000.00),(930,233,'Grilled Chicken Salad','12:30 PM',450,45000.00),(931,233,'Protein Smoothie','3:00 PM',300,30000.00),(932,233,'Salmon with Vegetables','7:00 PM',550,60000.00),(933,234,'Oatmeal with Banana','7:00 AM',350,25000.00),(934,234,'Grilled Chicken Salad','12:30 PM',450,45000.00),(935,234,'Protein Smoothie','3:00 PM',300,30000.00),(936,234,'Salmon with Vegetables','7:00 PM',550,60000.00),(937,235,'Oatmeal with Banana','7:00 AM',350,25000.00),(938,235,'Grilled Chicken Salad','12:30 PM',450,45000.00),(939,235,'Protein Smoothie','3:00 PM',300,30000.00),(940,235,'Salmon with Vegetables','7:00 PM',550,60000.00),(941,236,'Oatmeal with Banana','7:00 AM',350,25000.00),(942,236,'Grilled Chicken Salad','12:30 PM',450,45000.00),(943,236,'Protein Smoothie','3:00 PM',300,30000.00),(944,236,'Salmon with Vegetables','7:00 PM',550,60000.00),(945,237,'Oatmeal with Banana','7:00 AM',350,25000.00),(946,237,'Grilled Chicken Salad','12:30 PM',450,45000.00),(947,237,'Protein Smoothie','3:00 PM',300,30000.00),(948,237,'Salmon with Vegetables','7:00 PM',550,60000.00),(949,238,'Oatmeal with Banana','7:00 AM',350,25000.00),(950,238,'Grilled Chicken Salad','12:30 PM',450,45000.00),(951,238,'Protein Smoothie','3:00 PM',300,30000.00),(952,238,'Salmon with Vegetables','7:00 PM',550,60000.00),(953,239,'Oatmeal with Banana','7:00 AM',350,25000.00),(954,239,'Grilled Chicken Salad','12:30 PM',450,45000.00),(955,239,'Protein Smoothie','3:00 PM',300,30000.00),(956,239,'Salmon with Vegetables','7:00 PM',550,60000.00),(957,240,'Oatmeal with Banana','7:00 AM',350,25000.00),(958,240,'Grilled Chicken Salad','12:30 PM',450,45000.00),(959,240,'Protein Smoothie','3:00 PM',300,30000.00),(960,240,'Salmon with Vegetables','7:00 PM',550,60000.00),(961,241,'Oatmeal with Banana','7:00 AM',350,25000.00),(962,241,'Grilled Chicken Salad','12:30 PM',450,45000.00),(963,241,'Protein Smoothie','3:00 PM',300,30000.00),(964,241,'Salmon with Vegetables','7:00 PM',550,60000.00),(965,242,'Oatmeal with Banana','7:00 AM',350,25000.00),(966,242,'Grilled Chicken Salad','12:30 PM',450,45000.00),(967,242,'Protein Smoothie','3:00 PM',300,30000.00),(968,242,'Salmon with Vegetables','7:00 PM',550,60000.00),(969,243,'Oatmeal with Banana','7:00 AM',350,25000.00),(970,243,'Grilled Chicken Salad','12:30 PM',450,45000.00),(971,243,'Protein Smoothie','3:00 PM',300,30000.00),(972,243,'Salmon with Vegetables','7:00 PM',550,60000.00),(973,244,'Oatmeal with Banana','7:00 AM',350,25000.00),(974,244,'Grilled Chicken Salad','12:30 PM',450,45000.00),(975,244,'Protein Smoothie','3:00 PM',300,30000.00),(976,244,'Salmon with Vegetables','7:00 PM',550,60000.00),(977,245,'Oatmeal with Banana','7:00 AM',350,25000.00),(978,245,'Grilled Chicken Salad','12:30 PM',450,45000.00),(979,245,'Protein Smoothie','3:00 PM',300,30000.00),(980,245,'Salmon with Vegetables','7:00 PM',550,60000.00),(981,246,'Oatmeal with Banana','7:00 AM',350,25000.00),(982,246,'Grilled Chicken Salad','12:30 PM',450,45000.00),(983,246,'Protein Smoothie','3:00 PM',300,30000.00),(984,246,'Salmon with Vegetables','7:00 PM',550,60000.00),(985,247,'Oatmeal with Banana','7:00 AM',350,25000.00),(986,247,'Grilled Chicken Salad','12:30 PM',450,45000.00),(987,247,'Protein Smoothie','3:00 PM',300,30000.00),(988,247,'Salmon with Vegetables','7:00 PM',550,60000.00),(989,248,'Oatmeal with Banana','7:00 AM',350,25000.00),(990,248,'Grilled Chicken Salad','12:30 PM',450,45000.00),(991,248,'Protein Smoothie','3:00 PM',300,30000.00),(992,248,'Salmon with Vegetables','7:00 PM',550,60000.00),(993,249,'Oatmeal with Banana','7:00 AM',350,25000.00),(994,249,'Grilled Chicken Salad','12:30 PM',450,45000.00),(995,249,'Protein Smoothie','3:00 PM',300,30000.00),(996,249,'Salmon with Vegetables','7:00 PM',550,60000.00),(997,250,'Oatmeal with Banana','7:00 AM',350,25000.00),(998,250,'Grilled Chicken Salad','12:30 PM',450,45000.00),(999,250,'Protein Smoothie','3:00 PM',300,30000.00),(1000,250,'Salmon with Vegetables','7:00 PM',550,60000.00),(1001,251,'Oatmeal with Banana','7:00 AM',350,25000.00),(1002,251,'Grilled Chicken Salad','12:30 PM',450,45000.00),(1003,251,'Protein Smoothie','3:00 PM',300,30000.00),(1004,251,'Salmon with Vegetables','7:00 PM',550,60000.00),(1005,252,'Oatmeal with Banana','7:00 AM',350,25000.00),(1006,252,'Grilled Chicken Salad','12:30 PM',450,45000.00),(1007,252,'Protein Smoothie','3:00 PM',300,30000.00),(1008,252,'Salmon with Vegetables','7:00 PM',550,60000.00),(1009,253,'Oatmeal with Banana','7:00 AM',350,25000.00),(1010,253,'Grilled Chicken Salad','12:30 PM',450,45000.00),(1011,253,'Protein Smoothie','3:00 PM',300,30000.00),(1012,253,'Salmon with Vegetables','7:00 PM',550,60000.00),(1013,254,'Oatmeal with Banana','7:00 AM',350,25000.00),(1014,254,'Grilled Chicken Salad','12:30 PM',450,45000.00),(1015,254,'Protein Smoothie','3:00 PM',300,30000.00),(1016,254,'Salmon with Vegetables','7:00 PM',550,60000.00),(1017,255,'Oatmeal with Banana','7:00 AM',350,25000.00),(1018,255,'Grilled Chicken Salad','12:30 PM',450,45000.00),(1019,255,'Protein Smoothie','3:00 PM',300,30000.00),(1020,255,'Salmon with Vegetables','7:00 PM',550,60000.00),(1021,256,'Oatmeal with Banana','7:00 AM',350,25000.00),(1022,256,'Grilled Chicken Salad','12:30 PM',450,45000.00),(1023,256,'Protein Smoothie','3:00 PM',300,30000.00),(1024,256,'Salmon with Vegetables','7:00 PM',550,60000.00),(1025,257,'Oatmeal with Banana','7:00 AM',350,25000.00),(1026,257,'Grilled Chicken Salad','12:30 PM',450,45000.00),(1027,257,'Protein Smoothie','3:00 PM',300,30000.00),(1028,257,'Salmon with Vegetables','7:00 PM',550,60000.00),(1029,258,'Oatmeal with Banana','7:00 AM',350,25000.00),(1030,258,'Grilled Chicken Salad','12:30 PM',450,45000.00),(1031,258,'Protein Smoothie','3:00 PM',300,30000.00),(1032,258,'Salmon with Vegetables','7:00 PM',550,60000.00),(1033,259,'Oatmeal with Banana','7:00 AM',350,25000.00),(1034,259,'Grilled Chicken Salad','12:30 PM',450,45000.00),(1035,259,'Protein Smoothie','3:00 PM',300,30000.00),(1036,259,'Salmon with Vegetables','7:00 PM',550,60000.00),(1037,260,'Oatmeal with Banana','7:00 AM',350,25000.00),(1038,260,'Grilled Chicken Salad','12:30 PM',450,45000.00),(1039,260,'Protein Smoothie','3:00 PM',300,30000.00),(1040,260,'Salmon with Vegetables','7:00 PM',550,60000.00),(1041,261,'Oatmeal with Banana','7:00 AM',350,25000.00),(1042,261,'Grilled Chicken Salad','12:30 PM',450,45000.00),(1043,261,'Protein Smoothie','3:00 PM',300,30000.00),(1044,261,'Salmon with Vegetables','7:00 PM',550,60000.00),(1045,262,'Oatmeal with Banana','7:00 AM',350,25000.00),(1046,262,'Grilled Chicken Salad','12:30 PM',450,45000.00),(1047,262,'Protein Smoothie','3:00 PM',300,30000.00),(1048,262,'Salmon with Vegetables','7:00 PM',550,60000.00),(1049,263,'Oatmeal with Banana','7:00 AM',350,25000.00),(1050,263,'Grilled Chicken Salad','12:30 PM',450,45000.00),(1051,263,'Protein Smoothie','3:00 PM',300,30000.00),(1052,263,'Salmon with Vegetables','7:00 PM',550,60000.00),(1053,264,'Oatmeal with Banana','7:00 AM',350,25000.00),(1054,264,'Grilled Chicken Salad','12:30 PM',450,45000.00),(1055,264,'Protein Smoothie','3:00 PM',300,30000.00),(1056,264,'Salmon with Vegetables','7:00 PM',550,60000.00),(1057,265,'Oatmeal with Banana','7:00 AM',350,25000.00),(1058,265,'Grilled Chicken Salad','12:30 PM',450,45000.00),(1059,265,'Protein Smoothie','3:00 PM',300,30000.00),(1060,265,'Salmon with Vegetables','7:00 PM',550,60000.00),(1061,266,'Oatmeal with Banana','7:00 AM',350,25000.00),(1062,266,'Grilled Chicken Salad','12:30 PM',450,45000.00),(1063,266,'Protein Smoothie','3:00 PM',300,30000.00),(1064,266,'Salmon with Vegetables','7:00 PM',550,60000.00),(1065,267,'Oatmeal with Banana','7:00 AM',350,25000.00),(1066,267,'Grilled Chicken Salad','12:30 PM',450,45000.00),(1067,267,'Protein Smoothie','3:00 PM',300,30000.00),(1068,267,'Salmon with Vegetables','7:00 PM',550,60000.00),(1069,268,'Oatmeal with Banana','7:00 AM',350,25000.00),(1070,268,'Grilled Chicken Salad','12:30 PM',450,45000.00),(1071,268,'Protein Smoothie','3:00 PM',300,30000.00),(1072,268,'Salmon with Vegetables','7:00 PM',550,60000.00),(1073,269,'Oatmeal with Banana','7:00 AM',350,25000.00),(1074,269,'Grilled Chicken Salad','12:30 PM',450,45000.00),(1075,269,'Protein Smoothie','3:00 PM',300,30000.00),(1076,269,'Salmon with Vegetables','7:00 PM',550,60000.00),(1077,270,'Oatmeal with Banana','7:00 AM',350,25000.00),(1078,270,'Grilled Chicken Salad','12:30 PM',450,45000.00),(1079,270,'Protein Smoothie','3:00 PM',300,30000.00),(1080,270,'Salmon with Vegetables','7:00 PM',550,60000.00);
/*!40000 ALTER TABLE `meals` ENABLE KEYS */;
UNLOCK TABLES;

--
-- Table structure for table `plan_days`
--

DROP TABLE IF EXISTS `plan_days`;
/*!40101 SET @saved_cs_client     = @@character_set_client */;
/*!50503 SET character_set_client = utf8mb4 */;
CREATE TABLE `plan_days` (
  `id` int NOT NULL AUTO_INCREMENT,
  `plan_id` int NOT NULL,
  `day_number` int NOT NULL,
  `plan_date` date NOT NULL,
  `workout_type` varchar(50) DEFAULT 'Strength',
  `planned_calories` int DEFAULT '2000',
  `planned_cost` decimal(12,2) DEFAULT '0.00',
  `completed` tinyint(1) DEFAULT '0',
  PRIMARY KEY (`id`),
  KEY `plan_id` (`plan_id`),
  CONSTRAINT `plan_days_ibfk_1` FOREIGN KEY (`plan_id`) REFERENCES `plans` (`id`) ON DELETE CASCADE
) ENGINE=InnoDB AUTO_INCREMENT=271 DEFAULT CHARSET=utf8mb4 COLLATE=utf8mb4_0900_ai_ci;
/*!40101 SET character_set_client = @saved_cs_client */;

--
-- Dumping data for table `plan_days`
--

LOCK TABLES `plan_days` WRITE;
/*!40000 ALTER TABLE `plan_days` DISABLE KEYS */;
INSERT INTO `plan_days` VALUES (1,1,1,'2026-04-03','HIIT',2000,66667.00,0),(2,1,2,'2026-04-04','Strength',2000,66667.00,0),(3,1,3,'2026-04-05','Cardio',2000,66667.00,0),(4,1,4,'2026-04-06','Strength',2000,66667.00,0),(5,1,5,'2026-04-07','HIIT',2000,66667.00,0),(6,1,6,'2026-04-08','Cardio',2000,66667.00,0),(7,1,7,'2026-04-09','Rest',2000,66667.00,0),(8,1,8,'2026-04-10','Strength',2000,66667.00,0),(9,1,9,'2026-04-11','Cardio',2000,66667.00,0),(10,1,10,'2026-04-12','Strength',2000,66667.00,0),(11,1,11,'2026-04-13','HIIT',2000,66667.00,0),(12,1,12,'2026-04-14','Cardio',2000,66667.00,0),(13,1,13,'2026-04-15','HIIT',2000,66667.00,0),(14,1,14,'2026-04-16','Rest',2000,66667.00,0),(15,1,15,'2026-04-17','Cardio',2000,66667.00,0),(16,1,16,'2026-04-18','Strength',2000,66667.00,0),(17,1,17,'2026-04-19','HIIT',2000,66667.00,0),(18,1,18,'2026-04-20','Cardio',2000,66667.00,0),(19,1,19,'2026-04-21','HIIT',2000,66667.00,0),(20,1,20,'2026-04-22','Strength',2000,66667.00,0),(21,1,21,'2026-04-23','Rest',2000,66667.00,0),(22,1,22,'2026-04-24','Strength',2000,66667.00,0),(23,1,23,'2026-04-25','HIIT',2000,66667.00,0),(24,1,24,'2026-04-26','Cardio',2000,66667.00,0),(25,1,25,'2026-04-27','HIIT',2000,66667.00,0),(26,1,26,'2026-04-28','Strength',2000,66667.00,0),(27,1,27,'2026-04-29','Cardio',2000,66667.00,0),(28,1,28,'2026-04-30','Rest',2000,66667.00,0),(29,1,29,'2026-05-01','HIIT',2000,66667.00,0),(30,1,30,'2026-05-02','Cardio',2000,66667.00,0),(31,2,1,'2026-04-03','HIIT',2000,100000.00,0),(32,2,2,'2026-04-04','Strength',2000,100000.00,0),(33,2,3,'2026-04-05','Cardio',2000,100000.00,0),(34,2,4,'2026-04-06','Strength',2000,100000.00,0),(35,2,5,'2026-04-07','HIIT',2000,100000.00,0),(36,2,6,'2026-04-08','Cardio',2000,100000.00,0),(37,2,7,'2026-04-09','Rest',2000,100000.00,0),(38,2,8,'2026-04-10','Strength',2000,100000.00,0),(39,2,9,'2026-04-11','Cardio',2000,100000.00,0),(40,2,10,'2026-04-12','Strength',2000,100000.00,0),(41,2,11,'2026-04-13','HIIT',2000,100000.00,0),(42,2,12,'2026-04-14','Cardio',2000,100000.00,0),(43,2,13,'2026-04-15','HIIT',2000,100000.00,0),(44,2,14,'2026-04-16','Rest',2000,100000.00,0),(45,2,15,'2026-04-17','Cardio',2000,100000.00,0),(46,2,16,'2026-04-18','Strength',2000,100000.00,0),(47,2,17,'2026-04-19','HIIT',2000,100000.00,0),(48,2,18,'2026-04-20','Cardio',2000,100000.00,0),(49,2,19,'2026-04-21','HIIT',2000,100000.00,0),(50,2,20,'2026-04-22','Strength',2000,100000.00,0),(51,2,21,'2026-04-23','Rest',2000,100000.00,0),(52,2,22,'2026-04-24','Strength',2000,100000.00,0),(53,2,23,'2026-04-25','HIIT',2000,100000.00,0),(54,2,24,'2026-04-26','Cardio',2000,100000.00,0),(55,2,25,'2026-04-27','HIIT',2000,100000.00,0),(56,2,26,'2026-04-28','Strength',2000,100000.00,0),(57,2,27,'2026-04-29','Cardio',2000,100000.00,0),(58,2,28,'2026-04-30','Rest',2000,100000.00,0),(59,2,29,'2026-05-01','HIIT',2000,100000.00,0),(60,2,30,'2026-05-02','Cardio',2000,100000.00,0),(61,3,1,'2026-04-03','HIIT',2000,100000.00,0),(62,3,2,'2026-04-04','Strength',2000,100000.00,0),(63,3,3,'2026-04-05','Cardio',2000,100000.00,0),(64,3,4,'2026-04-06','Strength',2000,100000.00,0),(65,3,5,'2026-04-07','HIIT',2000,100000.00,0),(66,3,6,'2026-04-08','Cardio',2000,100000.00,0),(67,3,7,'2026-04-09','Rest',2000,100000.00,0),(68,3,8,'2026-04-10','Strength',2000,100000.00,0),(69,3,9,'2026-04-11','Cardio',2000,100000.00,0),(70,3,10,'2026-04-12','Strength',2000,100000.00,0),(71,3,11,'2026-04-13','HIIT',2000,100000.00,0),(72,3,12,'2026-04-14','Cardio',2000,100000.00,0),(73,3,13,'2026-04-15','HIIT',2000,100000.00,0),(74,3,14,'2026-04-16','Rest',2000,100000.00,0),(75,3,15,'2026-04-17','Cardio',2000,100000.00,0),(76,3,16,'2026-04-18','Strength',2000,100000.00,0),(77,3,17,'2026-04-19','HIIT',2000,100000.00,0),(78,3,18,'2026-04-20','Cardio',2000,100000.00,0),(79,4,1,'2026-04-03','HIIT',2000,100000.00,0),(80,3,19,'2026-04-21','HIIT',2000,100000.00,0),(81,4,2,'2026-04-04','Strength',2000,100000.00,0),(82,3,20,'2026-04-22','Strength',2000,100000.00,0),(83,5,1,'2026-04-03','HIIT',2000,100000.00,0),(84,4,3,'2026-04-05','Cardio',2000,100000.00,0),(85,3,21,'2026-04-23','Rest',2000,100000.00,0),(86,5,2,'2026-04-04','Strength',2000,100000.00,0),(87,4,4,'2026-04-06','Strength',2000,100000.00,0),(88,3,22,'2026-04-24','Strength',2000,100000.00,0),(89,6,1,'2026-04-03','HIIT',2000,100000.00,0),(90,5,3,'2026-04-05','Cardio',2000,100000.00,0),(91,4,5,'2026-04-07','HIIT',2000,100000.00,0),(92,6,2,'2026-04-04','Strength',2000,100000.00,0),(93,3,23,'2026-04-25','HIIT',2000,100000.00,0),(94,5,4,'2026-04-06','Strength',2000,100000.00,0),(95,7,1,'2026-04-03','HIIT',2000,100000.00,0),(96,4,6,'2026-04-08','Cardio',2000,100000.00,0),(97,3,24,'2026-04-26','Cardio',2000,100000.00,0),(98,6,3,'2026-04-05','Cardio',2000,100000.00,0),(99,5,5,'2026-04-07','HIIT',2000,100000.00,0),(100,7,2,'2026-04-04','Strength',2000,100000.00,0),(101,4,7,'2026-04-09','Rest',2000,100000.00,0),(102,3,25,'2026-04-27','HIIT',2000,100000.00,0),(103,6,4,'2026-04-06','Strength',2000,100000.00,0),(104,7,3,'2026-04-05','Cardio',2000,100000.00,0),(105,4,8,'2026-04-10','Strength',2000,100000.00,0),(106,5,6,'2026-04-08','Cardio',2000,100000.00,0),(107,3,26,'2026-04-28','Strength',2000,100000.00,0),(108,6,5,'2026-04-07','HIIT',2000,100000.00,0),(109,7,4,'2026-04-06','Strength',2000,100000.00,0),(110,4,9,'2026-04-11','Cardio',2000,100000.00,0),(111,5,7,'2026-04-09','Rest',2000,100000.00,0),(112,3,27,'2026-04-29','Cardio',2000,100000.00,0),(113,6,6,'2026-04-08','Cardio',2000,100000.00,0),(114,4,10,'2026-04-12','Strength',2000,100000.00,0),(115,5,8,'2026-04-10','Strength',2000,100000.00,0),(116,7,5,'2026-04-07','HIIT',2000,100000.00,0),(117,3,28,'2026-04-30','Rest',2000,100000.00,0),(118,6,7,'2026-04-09','Rest',2000,100000.00,0),(119,4,11,'2026-04-13','HIIT',2000,100000.00,0),(120,7,6,'2026-04-08','Cardio',2000,100000.00,0),(121,5,9,'2026-04-11','Cardio',2000,100000.00,0),(122,3,29,'2026-05-01','HIIT',2000,100000.00,0),(123,6,8,'2026-04-10','Strength',2000,100000.00,0),(124,4,12,'2026-04-14','Cardio',2000,100000.00,0),(125,7,7,'2026-04-09','Rest',2000,100000.00,0),(126,5,10,'2026-04-12','Strength',2000,100000.00,0),(127,3,30,'2026-05-02','Cardio',2000,100000.00,0),(128,6,9,'2026-04-11','Cardio',2000,100000.00,0),(129,4,13,'2026-04-15','HIIT',2000,100000.00,0),(130,7,8,'2026-04-10','Strength',2000,100000.00,0),(131,5,11,'2026-04-13','HIIT',2000,100000.00,0),(132,6,10,'2026-04-12','Strength',2000,100000.00,0),(133,4,14,'2026-04-16','Rest',2000,100000.00,0),(134,7,9,'2026-04-11','Cardio',2000,100000.00,0),(135,5,12,'2026-04-14','Cardio',2000,100000.00,0),(136,6,11,'2026-04-13','HIIT',2000,100000.00,0),(137,4,15,'2026-04-17','Cardio',2000,100000.00,0),(138,7,10,'2026-04-12','Strength',2000,100000.00,0),(139,5,13,'2026-04-15','HIIT',2000,100000.00,0),(140,6,12,'2026-04-14','Cardio',2000,100000.00,0),(141,4,16,'2026-04-18','Strength',2000,100000.00,0),(142,7,11,'2026-04-13','HIIT',2000,100000.00,0),(143,5,14,'2026-04-16','Rest',2000,100000.00,0),(144,6,13,'2026-04-15','HIIT',2000,100000.00,0),(145,4,17,'2026-04-19','HIIT',2000,100000.00,0),(146,7,12,'2026-04-14','Cardio',2000,100000.00,0),(147,5,15,'2026-04-17','Cardio',2000,100000.00,0),(148,6,14,'2026-04-16','Rest',2000,100000.00,0),(149,4,18,'2026-04-20','Cardio',2000,100000.00,0),(150,5,16,'2026-04-18','Strength',2000,100000.00,0),(151,7,13,'2026-04-15','HIIT',2000,100000.00,0),(152,6,15,'2026-04-17','Cardio',2000,100000.00,0),(153,4,19,'2026-04-21','HIIT',2000,100000.00,0),(154,7,14,'2026-04-16','Rest',2000,100000.00,0),(155,5,17,'2026-04-19','HIIT',2000,100000.00,0),(156,6,16,'2026-04-18','Strength',2000,100000.00,0),(157,4,20,'2026-04-22','Strength',2000,100000.00,0),(158,7,15,'2026-04-17','Cardio',2000,100000.00,0),(159,5,18,'2026-04-20','Cardio',2000,100000.00,0),(160,6,17,'2026-04-19','HIIT',2000,100000.00,0),(161,4,21,'2026-04-23','Rest',2000,100000.00,0),(162,7,16,'2026-04-18','Strength',2000,100000.00,0),(163,5,19,'2026-04-21','HIIT',2000,100000.00,0),(164,6,18,'2026-04-20','Cardio',2000,100000.00,0),(165,4,22,'2026-04-24','Strength',2000,100000.00,0),(166,7,17,'2026-04-19','HIIT',2000,100000.00,0),(167,5,20,'2026-04-22','Strength',2000,100000.00,0),(168,6,19,'2026-04-21','HIIT',2000,100000.00,0),(169,4,23,'2026-04-25','HIIT',2000,100000.00,0),(170,7,18,'2026-04-20','Cardio',2000,100000.00,0),(171,5,21,'2026-04-23','Rest',2000,100000.00,0),(172,6,20,'2026-04-22','Strength',2000,100000.00,0),(173,4,24,'2026-04-26','Cardio',2000,100000.00,0),(174,7,19,'2026-04-21','HIIT',2000,100000.00,0),(175,5,22,'2026-04-24','Strength',2000,100000.00,0),(176,6,21,'2026-04-23','Rest',2000,100000.00,0),(177,4,25,'2026-04-27','HIIT',2000,100000.00,0),(178,7,20,'2026-04-22','Strength',2000,100000.00,0),(179,5,23,'2026-04-25','HIIT',2000,100000.00,0),(180,6,22,'2026-04-24','Strength',2000,100000.00,0),(181,4,26,'2026-04-28','Strength',2000,100000.00,0),(182,5,24,'2026-04-26','Cardio',2000,100000.00,0),(183,7,21,'2026-04-23','Rest',2000,100000.00,0),(184,6,23,'2026-04-25','HIIT',2000,100000.00,0),(185,4,27,'2026-04-29','Cardio',2000,100000.00,0),(186,7,22,'2026-04-24','Strength',2000,100000.00,0),(187,5,25,'2026-04-27','HIIT',2000,100000.00,0),(188,6,24,'2026-04-26','Cardio',2000,100000.00,0),(189,4,28,'2026-04-30','Rest',2000,100000.00,0),(190,7,23,'2026-04-25','HIIT',2000,100000.00,0),(191,5,26,'2026-04-28','Strength',2000,100000.00,0),(192,6,25,'2026-04-27','HIIT',2000,100000.00,0),(193,4,29,'2026-05-01','HIIT',2000,100000.00,0),(194,7,24,'2026-04-26','Cardio',2000,100000.00,0),(195,5,27,'2026-04-29','Cardio',2000,100000.00,0),(196,6,26,'2026-04-28','Strength',2000,100000.00,0),(197,4,30,'2026-05-02','Cardio',2000,100000.00,0),(198,7,25,'2026-04-27','HIIT',2000,100000.00,0),(199,5,28,'2026-04-30','Rest',2000,100000.00,0),(200,6,27,'2026-04-29','Cardio',2000,100000.00,0),(201,5,29,'2026-05-01','HIIT',2000,100000.00,0),(202,7,26,'2026-04-28','Strength',2000,100000.00,0),(203,6,28,'2026-04-30','Rest',2000,100000.00,0),(204,5,30,'2026-05-02','Cardio',2000,100000.00,0),(205,7,27,'2026-04-29','Cardio',2000,100000.00,0),(206,6,29,'2026-05-01','HIIT',2000,100000.00,0),(207,7,28,'2026-04-30','Rest',2000,100000.00,0),(208,6,30,'2026-05-02','Cardio',2000,100000.00,0),(209,7,29,'2026-05-01','HIIT',2000,100000.00,0),(210,7,30,'2026-05-02','Cardio',2000,100000.00,0),(211,8,1,'2026-04-03','HIIT',2000,166667.00,0),(212,8,2,'2026-04-04','Strength',2000,166667.00,0),(213,8,3,'2026-04-05','Cardio',2000,166667.00,0),(214,8,4,'2026-04-06','Strength',2000,166667.00,0),(215,8,5,'2026-04-07','HIIT',2000,166667.00,0),(216,8,6,'2026-04-08','Cardio',2000,166667.00,0),(217,8,7,'2026-04-09','Rest',2000,166667.00,0),(218,8,8,'2026-04-10','Strength',2000,166667.00,0),(219,8,9,'2026-04-11','Cardio',2000,166667.00,0),(220,8,10,'2026-04-12','Strength',2000,166667.00,0),(221,8,11,'2026-04-13','HIIT',2000,166667.00,0),(222,8,12,'2026-04-14','Cardio',2000,166667.00,0),(223,8,13,'2026-04-15','HIIT',2000,166667.00,0),(224,8,14,'2026-04-16','Rest',2000,166667.00,0),(225,8,15,'2026-04-17','Cardio',2000,166667.00,0),(226,8,16,'2026-04-18','Strength',2000,166667.00,0),(227,8,17,'2026-04-19','HIIT',2000,166667.00,0),(228,8,18,'2026-04-20','Cardio',2000,166667.00,0),(229,8,19,'2026-04-21','HIIT',2000,166667.00,0),(230,8,20,'2026-04-22','Strength',2000,166667.00,0),(231,8,21,'2026-04-23','Rest',2000,166667.00,0),(232,8,22,'2026-04-24','Strength',2000,166667.00,0),(233,8,23,'2026-04-25','HIIT',2000,166667.00,0),(234,8,24,'2026-04-26','Cardio',2000,166667.00,0),(235,8,25,'2026-04-27','HIIT',2000,166667.00,0),(236,8,26,'2026-04-28','Strength',2000,166667.00,0),(237,8,27,'2026-04-29','Cardio',2000,166667.00,0),(238,8,28,'2026-04-30','Rest',2000,166667.00,0),(239,8,29,'2026-05-01','HIIT',2000,166667.00,0),(240,8,30,'2026-05-02','Cardio',2000,166667.00,0),(241,9,1,'2026-04-03','HIIT',2000,166667.00,0),(242,9,2,'2026-04-04','Strength',2000,166667.00,0),(243,9,3,'2026-04-05','Cardio',2000,166667.00,0),(244,9,4,'2026-04-06','Strength',2000,166667.00,0),(245,9,5,'2026-04-07','HIIT',2000,166667.00,0),(246,9,6,'2026-04-08','Cardio',2000,166667.00,0),(247,9,7,'2026-04-09','Rest',2000,166667.00,0),(248,9,8,'2026-04-10','Strength',2000,166667.00,0),(249,9,9,'2026-04-11','Cardio',2000,166667.00,0),(250,9,10,'2026-04-12','Strength',2000,166667.00,0),(251,9,11,'2026-04-13','HIIT',2000,166667.00,0),(252,9,12,'2026-04-14','Cardio',2000,166667.00,0),(253,9,13,'2026-04-15','HIIT',2000,166667.00,0),(254,9,14,'2026-04-16','Rest',2000,166667.00,0),(255,9,15,'2026-04-17','Cardio',2000,166667.00,0),(256,9,16,'2026-04-18','Strength',2000,166667.00,0),(257,9,17,'2026-04-19','HIIT',2000,166667.00,0),(258,9,18,'2026-04-20','Cardio',2000,166667.00,0),(259,9,19,'2026-04-21','HIIT',2000,166667.00,0),(260,9,20,'2026-04-22','Strength',2000,166667.00,0),(261,9,21,'2026-04-23','Rest',2000,166667.00,0),(262,9,22,'2026-04-24','Strength',2000,166667.00,0),(263,9,23,'2026-04-25','HIIT',2000,166667.00,0),(264,9,24,'2026-04-26','Cardio',2000,166667.00,0),(265,9,25,'2026-04-27','HIIT',2000,166667.00,0),(266,9,26,'2026-04-28','Strength',2000,166667.00,0),(267,9,27,'2026-04-29','Cardio',2000,166667.00,0),(268,9,28,'2026-04-30','Rest',2000,166667.00,0),(269,9,29,'2026-05-01','HIIT',2000,166667.00,0),(270,9,30,'2026-05-02','Cardio',2000,166667.00,0);
/*!40000 ALTER TABLE `plan_days` ENABLE KEYS */;
UNLOCK TABLES;

--
-- Table structure for table `plans`
--

DROP TABLE IF EXISTS `plans`;
/*!40101 SET @saved_cs_client     = @@character_set_client */;
/*!50503 SET character_set_client = utf8mb4 */;
CREATE TABLE `plans` (
  `id` int NOT NULL AUTO_INCREMENT,
  `user_id` int NOT NULL,
  `title` varchar(150) DEFAULT '30-Day Weight Management Plan',
  `duration_days` int DEFAULT '30',
  `start_date` date NOT NULL,
  `status` enum('active','completed') DEFAULT 'active',
  `created_at` timestamp NULL DEFAULT CURRENT_TIMESTAMP,
  PRIMARY KEY (`id`),
  KEY `user_id` (`user_id`),
  CONSTRAINT `plans_ibfk_1` FOREIGN KEY (`user_id`) REFERENCES `users` (`id`) ON DELETE CASCADE
) ENGINE=InnoDB AUTO_INCREMENT=10 DEFAULT CHARSET=utf8mb4 COLLATE=utf8mb4_0900_ai_ci;
/*!40101 SET character_set_client = @saved_cs_client */;

--
-- Dumping data for table `plans`
--

LOCK TABLES `plans` WRITE;
/*!40000 ALTER TABLE `plans` DISABLE KEYS */;
INSERT INTO `plans` VALUES (1,2,'30-Day Weight Management Plan',30,'2026-04-03','active','2026-04-03 03:52:58'),(2,3,'30-Day Weight Management Plan',30,'2026-04-03','active','2026-04-03 06:27:01'),(3,3,'30-Day Weight Management Plan',30,'2026-04-03','active','2026-04-03 06:28:07'),(4,3,'30-Day Weight Management Plan',30,'2026-04-03','active','2026-04-03 06:28:08'),(5,3,'30-Day Weight Management Plan',30,'2026-04-03','active','2026-04-03 06:28:08'),(6,3,'30-Day Weight Management Plan',30,'2026-04-03','active','2026-04-03 06:28:09'),(7,3,'30-Day Weight Management Plan',30,'2026-04-03','active','2026-04-03 06:28:09'),(8,4,'30-Day Weight Management Plan',30,'2026-04-03','active','2026-04-03 07:37:16'),(9,6,'30-Day Weight Management Plan',30,'2026-04-03','active','2026-04-03 09:04:31');
/*!40000 ALTER TABLE `plans` ENABLE KEYS */;
UNLOCK TABLES;

--
-- Table structure for table `reward_redemptions`
--

DROP TABLE IF EXISTS `reward_redemptions`;
/*!40101 SET @saved_cs_client     = @@character_set_client */;
/*!50503 SET character_set_client = utf8mb4 */;
CREATE TABLE `reward_redemptions` (
  `id` int NOT NULL AUTO_INCREMENT,
  `user_id` int NOT NULL,
  `voucher_id` int NOT NULL,
  `points_spent` int NOT NULL,
  `redeem_code` varchar(50) DEFAULT NULL,
  `redeemed_at` timestamp NULL DEFAULT CURRENT_TIMESTAMP,
  PRIMARY KEY (`id`),
  KEY `user_id` (`user_id`),
  KEY `voucher_id` (`voucher_id`),
  CONSTRAINT `reward_redemptions_ibfk_1` FOREIGN KEY (`user_id`) REFERENCES `users` (`id`) ON DELETE CASCADE,
  CONSTRAINT `reward_redemptions_ibfk_2` FOREIGN KEY (`voucher_id`) REFERENCES `reward_vouchers` (`id`) ON DELETE CASCADE
) ENGINE=InnoDB DEFAULT CHARSET=utf8mb4 COLLATE=utf8mb4_0900_ai_ci;
/*!40101 SET character_set_client = @saved_cs_client */;

--
-- Dumping data for table `reward_redemptions`
--

LOCK TABLES `reward_redemptions` WRITE;
/*!40000 ALTER TABLE `reward_redemptions` DISABLE KEYS */;
/*!40000 ALTER TABLE `reward_redemptions` ENABLE KEYS */;
UNLOCK TABLES;

--
-- Table structure for table `reward_vouchers`
--

DROP TABLE IF EXISTS `reward_vouchers`;
/*!40101 SET @saved_cs_client     = @@character_set_client */;
/*!50503 SET character_set_client = utf8mb4 */;
CREATE TABLE `reward_vouchers` (
  `id` int NOT NULL AUTO_INCREMENT,
  `brand` varchar(100) NOT NULL,
  `discount_label` varchar(50) NOT NULL,
  `image_url` varchar(255) DEFAULT NULL,
  `points_required` int NOT NULL,
  `available_quantity` int DEFAULT '0',
  `is_active` tinyint(1) DEFAULT '1',
  `created_at` timestamp NULL DEFAULT CURRENT_TIMESTAMP,
  PRIMARY KEY (`id`)
) ENGINE=InnoDB DEFAULT CHARSET=utf8mb4 COLLATE=utf8mb4_0900_ai_ci;
/*!40101 SET character_set_client = @saved_cs_client */;

--
-- Dumping data for table `reward_vouchers`
--

LOCK TABLES `reward_vouchers` WRITE;
/*!40000 ALTER TABLE `reward_vouchers` DISABLE KEYS */;
/*!40000 ALTER TABLE `reward_vouchers` ENABLE KEYS */;
UNLOCK TABLES;

--
-- Table structure for table `user_achievements`
--

DROP TABLE IF EXISTS `user_achievements`;
/*!40101 SET @saved_cs_client     = @@character_set_client */;
/*!50503 SET character_set_client = utf8mb4 */;
CREATE TABLE `user_achievements` (
  `id` int NOT NULL AUTO_INCREMENT,
  `user_id` int NOT NULL,
  `type` enum('streak','weight','budget','complete','milestone','special') NOT NULL,
  `level` int DEFAULT NULL,
  `title` varchar(150) NOT NULL,
  `description` varchar(255) DEFAULT NULL,
  `earned` tinyint(1) DEFAULT '0',
  `points_awarded` int DEFAULT '0',
  `earned_at` timestamp NULL DEFAULT NULL,
  PRIMARY KEY (`id`),
  KEY `user_id` (`user_id`),
  CONSTRAINT `user_achievements_ibfk_1` FOREIGN KEY (`user_id`) REFERENCES `users` (`id`) ON DELETE CASCADE
) ENGINE=InnoDB DEFAULT CHARSET=utf8mb4 COLLATE=utf8mb4_0900_ai_ci;
/*!40101 SET character_set_client = @saved_cs_client */;

--
-- Dumping data for table `user_achievements`
--

LOCK TABLES `user_achievements` WRITE;
/*!40000 ALTER TABLE `user_achievements` DISABLE KEYS */;
/*!40000 ALTER TABLE `user_achievements` ENABLE KEYS */;
UNLOCK TABLES;

--
-- Table structure for table `user_notification_settings`
--

DROP TABLE IF EXISTS `user_notification_settings`;
/*!40101 SET @saved_cs_client     = @@character_set_client */;
/*!50503 SET character_set_client = utf8mb4 */;
CREATE TABLE `user_notification_settings` (
  `id` int NOT NULL AUTO_INCREMENT,
  `user_id` int NOT NULL,
  `daily_reminders` tinyint(1) DEFAULT '1',
  `weight_tracking_reminders` tinyint(1) DEFAULT '1',
  `budget_alerts` tinyint(1) DEFAULT '1',
  `updated_at` timestamp NULL DEFAULT CURRENT_TIMESTAMP ON UPDATE CURRENT_TIMESTAMP,
  PRIMARY KEY (`id`),
  UNIQUE KEY `user_id` (`user_id`),
  CONSTRAINT `user_notification_settings_ibfk_1` FOREIGN KEY (`user_id`) REFERENCES `users` (`id`) ON DELETE CASCADE
) ENGINE=InnoDB DEFAULT CHARSET=utf8mb4 COLLATE=utf8mb4_0900_ai_ci;
/*!40101 SET character_set_client = @saved_cs_client */;

--
-- Dumping data for table `user_notification_settings`
--

LOCK TABLES `user_notification_settings` WRITE;
/*!40000 ALTER TABLE `user_notification_settings` DISABLE KEYS */;
/*!40000 ALTER TABLE `user_notification_settings` ENABLE KEYS */;
UNLOCK TABLES;

--
-- Table structure for table `user_profiles`
--

DROP TABLE IF EXISTS `user_profiles`;
/*!40101 SET @saved_cs_client     = @@character_set_client */;
/*!50503 SET character_set_client = utf8mb4 */;
CREATE TABLE `user_profiles` (
  `id` int NOT NULL AUTO_INCREMENT,
  `user_id` int NOT NULL,
  `age` int DEFAULT NULL,
  `gender` enum('male','female','other') NOT NULL DEFAULT 'male',
  `height_cm` decimal(5,2) DEFAULT NULL,
  `weight_kg` decimal(5,2) DEFAULT NULL,
  `goal_type` enum('lose','maintain','gain') DEFAULT 'lose',
  `duration_days` int DEFAULT '30',
  `budget_total` decimal(12,2) DEFAULT '0.00',
  `workout_location` enum('home','gym') DEFAULT 'home',
  `meals_per_day` int DEFAULT '3',
  `budget_style` enum('saving','normal') DEFAULT 'normal',
  `updated_at` timestamp NULL DEFAULT CURRENT_TIMESTAMP ON UPDATE CURRENT_TIMESTAMP,
  PRIMARY KEY (`id`),
  UNIQUE KEY `user_id` (`user_id`),
  CONSTRAINT `user_profiles_ibfk_1` FOREIGN KEY (`user_id`) REFERENCES `users` (`id`) ON DELETE CASCADE
) ENGINE=InnoDB AUTO_INCREMENT=5 DEFAULT CHARSET=utf8mb4 COLLATE=utf8mb4_0900_ai_ci;
/*!40101 SET character_set_client = @saved_cs_client */;

--
-- Dumping data for table `user_profiles`
--

LOCK TABLES `user_profiles` WRITE;
/*!40000 ALTER TABLE `user_profiles` DISABLE KEYS */;
INSERT INTO `user_profiles` VALUES (1,2,21,'male',172.00,65.00,'gain',30,2000000.00,'gym',4,'saving','2026-04-03 03:52:58'),(2,3,21,'male',173.00,55.00,'gain',30,3000000.00,'home',4,'saving','2026-04-03 06:27:01'),(3,4,0,'male',0.00,0.00,'lose',30,5000000.00,'home',3,'normal','2026-04-03 07:37:16'),(4,6,0,'male',0.00,0.00,'lose',30,5000000.00,'home',3,'normal','2026-04-03 09:04:31');
/*!40000 ALTER TABLE `user_profiles` ENABLE KEYS */;
UNLOCK TABLES;

--
-- Table structure for table `users`
--

DROP TABLE IF EXISTS `users`;
/*!40101 SET @saved_cs_client     = @@character_set_client */;
/*!50503 SET character_set_client = utf8mb4 */;
CREATE TABLE `users` (
  `id` int NOT NULL AUTO_INCREMENT,
  `full_name` varchar(100) NOT NULL,
  `email` varchar(100) NOT NULL,
  `password_hash` varchar(255) NOT NULL,
  `created_at` timestamp NULL DEFAULT CURRENT_TIMESTAMP,
  `refresh_token_hash` text,
  PRIMARY KEY (`id`),
  UNIQUE KEY `email` (`email`)
) ENGINE=InnoDB AUTO_INCREMENT=7 DEFAULT CHARSET=utf8mb4 COLLATE=utf8mb4_0900_ai_ci;
/*!40101 SET character_set_client = @saved_cs_client */;

--
-- Dumping data for table `users`
--

LOCK TABLES `users` WRITE;
/*!40000 ALTER TABLE `users` DISABLE KEYS */;
INSERT INTO `users` VALUES (1,'Nguyen Van A','a@gmail.com','$2b$10$61bVFALaoC3hatzLm7uequpsOlybi2qjats/W8r1cTgmnPv3v5jDu','2026-04-02 16:58:08',NULL),(2,'khanhmeo','nguyenquockhanh9325@gmail.com','$2b$10$eKNVTGUKT.PvKeG7sh.s2.PNDkC9Ux6ctUcubcmftY0s.Yhryv196','2026-04-03 03:52:30',NULL),(3,'datbeo','dat09@gmail.com','$2b$10$oaL7uoVWr1iJ/5Zm79kr5eUVvMtca.vldO26VBJ1g1AfUbGhcrriW','2026-04-03 06:26:04',NULL),(4,'Khanh Quốc','nguyenquockhanh25@gmail.com','$2b$10$cqIovwiWnBSrtKW//1FpoO31w4DZU504fWFZGpPzppTiiKyxCK6zu','2026-04-03 07:37:13',NULL),(5,'Tien Dat','dat96133@gmail.com','$2b$10$hIKn3gqb9kh86KS0i1X9sOg33kCqBKpve3cQwcWA9huiQH6.vqH0C','2026-04-03 08:55:37',NULL),(6,'khanhmeo','khanhmeo@gmail.com','$2b$10$fzYu//ageRC.jJNClVduCufs0gBVWapACj3.I7we4UkBocgIS2e/m','2026-04-03 09:04:21',NULL);
/*!40000 ALTER TABLE `users` ENABLE KEYS */;
UNLOCK TABLES;

--
-- Table structure for table `weight_logs`
--

DROP TABLE IF EXISTS `weight_logs`;
/*!40101 SET @saved_cs_client     = @@character_set_client */;
/*!50503 SET character_set_client = utf8mb4 */;
CREATE TABLE `weight_logs` (
  `id` int NOT NULL AUTO_INCREMENT,
  `user_id` int NOT NULL,
  `log_date` date NOT NULL,
  `weight_kg` decimal(5,2) NOT NULL,
  `note` varchar(255) DEFAULT NULL,
  `created_at` timestamp NULL DEFAULT CURRENT_TIMESTAMP,
  PRIMARY KEY (`id`),
  KEY `user_id` (`user_id`),
  CONSTRAINT `weight_logs_ibfk_1` FOREIGN KEY (`user_id`) REFERENCES `users` (`id`) ON DELETE CASCADE
) ENGINE=InnoDB DEFAULT CHARSET=utf8mb4 COLLATE=utf8mb4_0900_ai_ci;
/*!40101 SET character_set_client = @saved_cs_client */;

--
-- Dumping data for table `weight_logs`
--

LOCK TABLES `weight_logs` WRITE;
/*!40000 ALTER TABLE `weight_logs` DISABLE KEYS */;
/*!40000 ALTER TABLE `weight_logs` ENABLE KEYS */;
UNLOCK TABLES;

--
-- Table structure for table `workouts`
--

DROP TABLE IF EXISTS `workouts`;
/*!40101 SET @saved_cs_client     = @@character_set_client */;
/*!50503 SET character_set_client = utf8mb4 */;
CREATE TABLE `workouts` (
  `id` int NOT NULL AUTO_INCREMENT,
  `plan_day_id` int NOT NULL,
  `workout_name` varchar(120) NOT NULL,
  `duration_minutes` int DEFAULT '0',
  `description` text,
  PRIMARY KEY (`id`),
  KEY `plan_day_id` (`plan_day_id`),
  CONSTRAINT `workouts_ibfk_1` FOREIGN KEY (`plan_day_id`) REFERENCES `plan_days` (`id`) ON DELETE CASCADE
) ENGINE=InnoDB AUTO_INCREMENT=811 DEFAULT CHARSET=utf8mb4 COLLATE=utf8mb4_0900_ai_ci;
/*!40101 SET character_set_client = @saved_cs_client */;

--
-- Dumping data for table `workouts`
--

LOCK TABLES `workouts` WRITE;
/*!40000 ALTER TABLE `workouts` DISABLE KEYS */;
INSERT INTO `workouts` VALUES (1,1,'Warm-up',10,'Light cardio and stretching'),(2,1,'Main Workout',45,'Targeted routine for the day'),(3,1,'Cool-down',10,'Stretching and breathing'),(4,2,'Warm-up',10,'Light cardio and stretching'),(5,2,'Main Workout',45,'Targeted routine for the day'),(6,2,'Cool-down',10,'Stretching and breathing'),(7,3,'Warm-up',10,'Light cardio and stretching'),(8,3,'Main Workout',45,'Targeted routine for the day'),(9,3,'Cool-down',10,'Stretching and breathing'),(10,4,'Warm-up',10,'Light cardio and stretching'),(11,4,'Main Workout',45,'Targeted routine for the day'),(12,4,'Cool-down',10,'Stretching and breathing'),(13,5,'Warm-up',10,'Light cardio and stretching'),(14,5,'Main Workout',45,'Targeted routine for the day'),(15,5,'Cool-down',10,'Stretching and breathing'),(16,6,'Warm-up',10,'Light cardio and stretching'),(17,6,'Main Workout',45,'Targeted routine for the day'),(18,6,'Cool-down',10,'Stretching and breathing'),(19,7,'Warm-up',10,'Light cardio and stretching'),(20,7,'Main Workout',45,'Targeted routine for the day'),(21,7,'Cool-down',10,'Stretching and breathing'),(22,8,'Warm-up',10,'Light cardio and stretching'),(23,8,'Main Workout',45,'Targeted routine for the day'),(24,8,'Cool-down',10,'Stretching and breathing'),(25,9,'Warm-up',10,'Light cardio and stretching'),(26,9,'Main Workout',45,'Targeted routine for the day'),(27,9,'Cool-down',10,'Stretching and breathing'),(28,10,'Warm-up',10,'Light cardio and stretching'),(29,10,'Main Workout',45,'Targeted routine for the day'),(30,10,'Cool-down',10,'Stretching and breathing'),(31,11,'Warm-up',10,'Light cardio and stretching'),(32,11,'Main Workout',45,'Targeted routine for the day'),(33,11,'Cool-down',10,'Stretching and breathing'),(34,12,'Warm-up',10,'Light cardio and stretching'),(35,12,'Main Workout',45,'Targeted routine for the day'),(36,12,'Cool-down',10,'Stretching and breathing'),(37,13,'Warm-up',10,'Light cardio and stretching'),(38,13,'Main Workout',45,'Targeted routine for the day'),(39,13,'Cool-down',10,'Stretching and breathing'),(40,14,'Warm-up',10,'Light cardio and stretching'),(41,14,'Main Workout',45,'Targeted routine for the day'),(42,14,'Cool-down',10,'Stretching and breathing'),(43,15,'Warm-up',10,'Light cardio and stretching'),(44,15,'Main Workout',45,'Targeted routine for the day'),(45,15,'Cool-down',10,'Stretching and breathing'),(46,16,'Warm-up',10,'Light cardio and stretching'),(47,16,'Main Workout',45,'Targeted routine for the day'),(48,16,'Cool-down',10,'Stretching and breathing'),(49,17,'Warm-up',10,'Light cardio and stretching'),(50,17,'Main Workout',45,'Targeted routine for the day'),(51,17,'Cool-down',10,'Stretching and breathing'),(52,18,'Warm-up',10,'Light cardio and stretching'),(53,18,'Main Workout',45,'Targeted routine for the day'),(54,18,'Cool-down',10,'Stretching and breathing'),(55,19,'Warm-up',10,'Light cardio and stretching'),(56,19,'Main Workout',45,'Targeted routine for the day'),(57,19,'Cool-down',10,'Stretching and breathing'),(58,20,'Warm-up',10,'Light cardio and stretching'),(59,20,'Main Workout',45,'Targeted routine for the day'),(60,20,'Cool-down',10,'Stretching and breathing'),(61,21,'Warm-up',10,'Light cardio and stretching'),(62,21,'Main Workout',45,'Targeted routine for the day'),(63,21,'Cool-down',10,'Stretching and breathing'),(64,22,'Warm-up',10,'Light cardio and stretching'),(65,22,'Main Workout',45,'Targeted routine for the day'),(66,22,'Cool-down',10,'Stretching and breathing'),(67,23,'Warm-up',10,'Light cardio and stretching'),(68,23,'Main Workout',45,'Targeted routine for the day'),(69,23,'Cool-down',10,'Stretching and breathing'),(70,24,'Warm-up',10,'Light cardio and stretching'),(71,24,'Main Workout',45,'Targeted routine for the day'),(72,24,'Cool-down',10,'Stretching and breathing'),(73,25,'Warm-up',10,'Light cardio and stretching'),(74,25,'Main Workout',45,'Targeted routine for the day'),(75,25,'Cool-down',10,'Stretching and breathing'),(76,26,'Warm-up',10,'Light cardio and stretching'),(77,26,'Main Workout',45,'Targeted routine for the day'),(78,26,'Cool-down',10,'Stretching and breathing'),(79,27,'Warm-up',10,'Light cardio and stretching'),(80,27,'Main Workout',45,'Targeted routine for the day'),(81,27,'Cool-down',10,'Stretching and breathing'),(82,28,'Warm-up',10,'Light cardio and stretching'),(83,28,'Main Workout',45,'Targeted routine for the day'),(84,28,'Cool-down',10,'Stretching and breathing'),(85,29,'Warm-up',10,'Light cardio and stretching'),(86,29,'Main Workout',45,'Targeted routine for the day'),(87,29,'Cool-down',10,'Stretching and breathing'),(88,30,'Warm-up',10,'Light cardio and stretching'),(89,30,'Main Workout',45,'Targeted routine for the day'),(90,30,'Cool-down',10,'Stretching and breathing'),(91,31,'Warm-up',10,'Light cardio and stretching'),(92,31,'Main Workout',45,'Targeted routine for the day'),(93,31,'Cool-down',10,'Stretching and breathing'),(94,32,'Warm-up',10,'Light cardio and stretching'),(95,32,'Main Workout',45,'Targeted routine for the day'),(96,32,'Cool-down',10,'Stretching and breathing'),(97,33,'Warm-up',10,'Light cardio and stretching'),(98,33,'Main Workout',45,'Targeted routine for the day'),(99,33,'Cool-down',10,'Stretching and breathing'),(100,34,'Warm-up',10,'Light cardio and stretching'),(101,34,'Main Workout',45,'Targeted routine for the day'),(102,34,'Cool-down',10,'Stretching and breathing'),(103,35,'Warm-up',10,'Light cardio and stretching'),(104,35,'Main Workout',45,'Targeted routine for the day'),(105,35,'Cool-down',10,'Stretching and breathing'),(106,36,'Warm-up',10,'Light cardio and stretching'),(107,36,'Main Workout',45,'Targeted routine for the day'),(108,36,'Cool-down',10,'Stretching and breathing'),(109,37,'Warm-up',10,'Light cardio and stretching'),(110,37,'Main Workout',45,'Targeted routine for the day'),(111,37,'Cool-down',10,'Stretching and breathing'),(112,38,'Warm-up',10,'Light cardio and stretching'),(113,38,'Main Workout',45,'Targeted routine for the day'),(114,38,'Cool-down',10,'Stretching and breathing'),(115,39,'Warm-up',10,'Light cardio and stretching'),(116,39,'Main Workout',45,'Targeted routine for the day'),(117,39,'Cool-down',10,'Stretching and breathing'),(118,40,'Warm-up',10,'Light cardio and stretching'),(119,40,'Main Workout',45,'Targeted routine for the day'),(120,40,'Cool-down',10,'Stretching and breathing'),(121,41,'Warm-up',10,'Light cardio and stretching'),(122,41,'Main Workout',45,'Targeted routine for the day'),(123,41,'Cool-down',10,'Stretching and breathing'),(124,42,'Warm-up',10,'Light cardio and stretching'),(125,42,'Main Workout',45,'Targeted routine for the day'),(126,42,'Cool-down',10,'Stretching and breathing'),(127,43,'Warm-up',10,'Light cardio and stretching'),(128,43,'Main Workout',45,'Targeted routine for the day'),(129,43,'Cool-down',10,'Stretching and breathing'),(130,44,'Warm-up',10,'Light cardio and stretching'),(131,44,'Main Workout',45,'Targeted routine for the day'),(132,44,'Cool-down',10,'Stretching and breathing'),(133,45,'Warm-up',10,'Light cardio and stretching'),(134,45,'Main Workout',45,'Targeted routine for the day'),(135,45,'Cool-down',10,'Stretching and breathing'),(136,46,'Warm-up',10,'Light cardio and stretching'),(137,46,'Main Workout',45,'Targeted routine for the day'),(138,46,'Cool-down',10,'Stretching and breathing'),(139,47,'Warm-up',10,'Light cardio and stretching'),(140,47,'Main Workout',45,'Targeted routine for the day'),(141,47,'Cool-down',10,'Stretching and breathing'),(142,48,'Warm-up',10,'Light cardio and stretching'),(143,48,'Main Workout',45,'Targeted routine for the day'),(144,48,'Cool-down',10,'Stretching and breathing'),(145,49,'Warm-up',10,'Light cardio and stretching'),(146,49,'Main Workout',45,'Targeted routine for the day'),(147,49,'Cool-down',10,'Stretching and breathing'),(148,50,'Warm-up',10,'Light cardio and stretching'),(149,50,'Main Workout',45,'Targeted routine for the day'),(150,50,'Cool-down',10,'Stretching and breathing'),(151,51,'Warm-up',10,'Light cardio and stretching'),(152,51,'Main Workout',45,'Targeted routine for the day'),(153,51,'Cool-down',10,'Stretching and breathing'),(154,52,'Warm-up',10,'Light cardio and stretching'),(155,52,'Main Workout',45,'Targeted routine for the day'),(156,52,'Cool-down',10,'Stretching and breathing'),(157,53,'Warm-up',10,'Light cardio and stretching'),(158,53,'Main Workout',45,'Targeted routine for the day'),(159,53,'Cool-down',10,'Stretching and breathing'),(160,54,'Warm-up',10,'Light cardio and stretching'),(161,54,'Main Workout',45,'Targeted routine for the day'),(162,54,'Cool-down',10,'Stretching and breathing'),(163,55,'Warm-up',10,'Light cardio and stretching'),(164,55,'Main Workout',45,'Targeted routine for the day'),(165,55,'Cool-down',10,'Stretching and breathing'),(166,56,'Warm-up',10,'Light cardio and stretching'),(167,56,'Main Workout',45,'Targeted routine for the day'),(168,56,'Cool-down',10,'Stretching and breathing'),(169,57,'Warm-up',10,'Light cardio and stretching'),(170,57,'Main Workout',45,'Targeted routine for the day'),(171,57,'Cool-down',10,'Stretching and breathing'),(172,58,'Warm-up',10,'Light cardio and stretching'),(173,58,'Main Workout',45,'Targeted routine for the day'),(174,58,'Cool-down',10,'Stretching and breathing'),(175,59,'Warm-up',10,'Light cardio and stretching'),(176,59,'Main Workout',45,'Targeted routine for the day'),(177,59,'Cool-down',10,'Stretching and breathing'),(178,60,'Warm-up',10,'Light cardio and stretching'),(179,60,'Main Workout',45,'Targeted routine for the day'),(180,60,'Cool-down',10,'Stretching and breathing'),(181,61,'Warm-up',10,'Light cardio and stretching'),(182,61,'Main Workout',45,'Targeted routine for the day'),(183,61,'Cool-down',10,'Stretching and breathing'),(184,62,'Warm-up',10,'Light cardio and stretching'),(185,62,'Main Workout',45,'Targeted routine for the day'),(186,62,'Cool-down',10,'Stretching and breathing'),(187,63,'Warm-up',10,'Light cardio and stretching'),(188,63,'Main Workout',45,'Targeted routine for the day'),(189,63,'Cool-down',10,'Stretching and breathing'),(190,64,'Warm-up',10,'Light cardio and stretching'),(191,64,'Main Workout',45,'Targeted routine for the day'),(192,64,'Cool-down',10,'Stretching and breathing'),(193,65,'Warm-up',10,'Light cardio and stretching'),(194,65,'Main Workout',45,'Targeted routine for the day'),(195,65,'Cool-down',10,'Stretching and breathing'),(196,66,'Warm-up',10,'Light cardio and stretching'),(197,66,'Main Workout',45,'Targeted routine for the day'),(198,66,'Cool-down',10,'Stretching and breathing'),(199,67,'Warm-up',10,'Light cardio and stretching'),(200,67,'Main Workout',45,'Targeted routine for the day'),(201,67,'Cool-down',10,'Stretching and breathing'),(202,68,'Warm-up',10,'Light cardio and stretching'),(203,68,'Main Workout',45,'Targeted routine for the day'),(204,68,'Cool-down',10,'Stretching and breathing'),(205,69,'Warm-up',10,'Light cardio and stretching'),(206,69,'Main Workout',45,'Targeted routine for the day'),(207,69,'Cool-down',10,'Stretching and breathing'),(208,70,'Warm-up',10,'Light cardio and stretching'),(209,70,'Main Workout',45,'Targeted routine for the day'),(210,70,'Cool-down',10,'Stretching and breathing'),(211,71,'Warm-up',10,'Light cardio and stretching'),(212,71,'Main Workout',45,'Targeted routine for the day'),(213,71,'Cool-down',10,'Stretching and breathing'),(214,72,'Warm-up',10,'Light cardio and stretching'),(215,72,'Main Workout',45,'Targeted routine for the day'),(216,72,'Cool-down',10,'Stretching and breathing'),(217,73,'Warm-up',10,'Light cardio and stretching'),(218,73,'Main Workout',45,'Targeted routine for the day'),(219,73,'Cool-down',10,'Stretching and breathing'),(220,74,'Warm-up',10,'Light cardio and stretching'),(221,74,'Main Workout',45,'Targeted routine for the day'),(222,74,'Cool-down',10,'Stretching and breathing'),(223,75,'Warm-up',10,'Light cardio and stretching'),(224,75,'Main Workout',45,'Targeted routine for the day'),(225,75,'Cool-down',10,'Stretching and breathing'),(226,76,'Warm-up',10,'Light cardio and stretching'),(227,76,'Main Workout',45,'Targeted routine for the day'),(228,76,'Cool-down',10,'Stretching and breathing'),(229,77,'Warm-up',10,'Light cardio and stretching'),(230,77,'Main Workout',45,'Targeted routine for the day'),(231,77,'Cool-down',10,'Stretching and breathing'),(232,78,'Warm-up',10,'Light cardio and stretching'),(233,78,'Main Workout',45,'Targeted routine for the day'),(234,78,'Cool-down',10,'Stretching and breathing'),(235,79,'Warm-up',10,'Light cardio and stretching'),(236,79,'Main Workout',45,'Targeted routine for the day'),(237,80,'Warm-up',10,'Light cardio and stretching'),(238,79,'Cool-down',10,'Stretching and breathing'),(239,80,'Main Workout',45,'Targeted routine for the day'),(240,80,'Cool-down',10,'Stretching and breathing'),(241,81,'Warm-up',10,'Light cardio and stretching'),(242,81,'Main Workout',45,'Targeted routine for the day'),(243,82,'Warm-up',10,'Light cardio and stretching'),(244,81,'Cool-down',10,'Stretching and breathing'),(245,82,'Main Workout',45,'Targeted routine for the day'),(246,82,'Cool-down',10,'Stretching and breathing'),(247,83,'Warm-up',10,'Light cardio and stretching'),(248,83,'Main Workout',45,'Targeted routine for the day'),(249,83,'Cool-down',10,'Stretching and breathing'),(250,84,'Warm-up',10,'Light cardio and stretching'),(251,84,'Main Workout',45,'Targeted routine for the day'),(252,85,'Warm-up',10,'Light cardio and stretching'),(253,84,'Cool-down',10,'Stretching and breathing'),(254,85,'Main Workout',45,'Targeted routine for the day'),(255,85,'Cool-down',10,'Stretching and breathing'),(256,86,'Warm-up',10,'Light cardio and stretching'),(257,86,'Main Workout',45,'Targeted routine for the day'),(258,86,'Cool-down',10,'Stretching and breathing'),(259,87,'Warm-up',10,'Light cardio and stretching'),(260,87,'Main Workout',45,'Targeted routine for the day'),(261,87,'Cool-down',10,'Stretching and breathing'),(262,89,'Warm-up',10,'Light cardio and stretching'),(263,88,'Warm-up',10,'Light cardio and stretching'),(264,89,'Main Workout',45,'Targeted routine for the day'),(265,88,'Main Workout',45,'Targeted routine for the day'),(266,89,'Cool-down',10,'Stretching and breathing'),(267,88,'Cool-down',10,'Stretching and breathing'),(268,90,'Warm-up',10,'Light cardio and stretching'),(269,90,'Main Workout',45,'Targeted routine for the day'),(270,90,'Cool-down',10,'Stretching and breathing'),(271,91,'Warm-up',10,'Light cardio and stretching'),(272,91,'Main Workout',45,'Targeted routine for the day'),(273,91,'Cool-down',10,'Stretching and breathing'),(274,93,'Warm-up',10,'Light cardio and stretching'),(275,92,'Warm-up',10,'Light cardio and stretching'),(276,93,'Main Workout',45,'Targeted routine for the day'),(277,92,'Main Workout',45,'Targeted routine for the day'),(278,93,'Cool-down',10,'Stretching and breathing'),(279,92,'Cool-down',10,'Stretching and breathing'),(280,94,'Warm-up',10,'Light cardio and stretching'),(281,95,'Warm-up',10,'Light cardio and stretching'),(282,94,'Main Workout',45,'Targeted routine for the day'),(283,96,'Warm-up',10,'Light cardio and stretching'),(284,95,'Main Workout',45,'Targeted routine for the day'),(285,94,'Cool-down',10,'Stretching and breathing'),(286,96,'Main Workout',45,'Targeted routine for the day'),(287,95,'Cool-down',10,'Stretching and breathing'),(288,96,'Cool-down',10,'Stretching and breathing'),(289,97,'Warm-up',10,'Light cardio and stretching'),(290,97,'Main Workout',45,'Targeted routine for the day'),(291,98,'Warm-up',10,'Light cardio and stretching'),(292,97,'Cool-down',10,'Stretching and breathing'),(293,98,'Main Workout',45,'Targeted routine for the day'),(294,98,'Cool-down',10,'Stretching and breathing'),(295,100,'Warm-up',10,'Light cardio and stretching'),(296,101,'Warm-up',10,'Light cardio and stretching'),(297,100,'Main Workout',45,'Targeted routine for the day'),(298,99,'Warm-up',10,'Light cardio and stretching'),(299,101,'Main Workout',45,'Targeted routine for the day'),(300,100,'Cool-down',10,'Stretching and breathing'),(301,101,'Cool-down',10,'Stretching and breathing'),(302,99,'Main Workout',45,'Targeted routine for the day'),(303,102,'Warm-up',10,'Light cardio and stretching'),(304,99,'Cool-down',10,'Stretching and breathing'),(305,102,'Main Workout',45,'Targeted routine for the day'),(306,103,'Warm-up',10,'Light cardio and stretching'),(307,102,'Cool-down',10,'Stretching and breathing'),(308,103,'Main Workout',45,'Targeted routine for the day'),(309,103,'Cool-down',10,'Stretching and breathing'),(310,104,'Warm-up',10,'Light cardio and stretching'),(311,105,'Warm-up',10,'Light cardio and stretching'),(312,106,'Warm-up',10,'Light cardio and stretching'),(313,104,'Main Workout',45,'Targeted routine for the day'),(314,105,'Main Workout',45,'Targeted routine for the day'),(315,104,'Cool-down',10,'Stretching and breathing'),(316,106,'Main Workout',45,'Targeted routine for the day'),(317,105,'Cool-down',10,'Stretching and breathing'),(318,107,'Warm-up',10,'Light cardio and stretching'),(319,106,'Cool-down',10,'Stretching and breathing'),(320,107,'Main Workout',45,'Targeted routine for the day'),(321,108,'Warm-up',10,'Light cardio and stretching'),(322,107,'Cool-down',10,'Stretching and breathing'),(323,108,'Main Workout',45,'Targeted routine for the day'),(324,108,'Cool-down',10,'Stretching and breathing'),(325,109,'Warm-up',10,'Light cardio and stretching'),(326,110,'Warm-up',10,'Light cardio and stretching'),(327,111,'Warm-up',10,'Light cardio and stretching'),(328,109,'Main Workout',45,'Targeted routine for the day'),(329,110,'Main Workout',45,'Targeted routine for the day'),(330,111,'Main Workout',45,'Targeted routine for the day'),(331,112,'Warm-up',10,'Light cardio and stretching'),(332,109,'Cool-down',10,'Stretching and breathing'),(333,111,'Cool-down',10,'Stretching and breathing'),(334,110,'Cool-down',10,'Stretching and breathing'),(335,112,'Main Workout',45,'Targeted routine for the day'),(336,113,'Warm-up',10,'Light cardio and stretching'),(337,112,'Cool-down',10,'Stretching and breathing'),(338,113,'Main Workout',45,'Targeted routine for the day'),(339,113,'Cool-down',10,'Stretching and breathing'),(340,114,'Warm-up',10,'Light cardio and stretching'),(341,116,'Warm-up',10,'Light cardio and stretching'),(342,115,'Warm-up',10,'Light cardio and stretching'),(343,114,'Main Workout',45,'Targeted routine for the day'),(344,117,'Warm-up',10,'Light cardio and stretching'),(345,115,'Main Workout',45,'Targeted routine for the day'),(346,116,'Main Workout',45,'Targeted routine for the day'),(347,114,'Cool-down',10,'Stretching and breathing'),(348,117,'Main Workout',45,'Targeted routine for the day'),(349,116,'Cool-down',10,'Stretching and breathing'),(350,115,'Cool-down',10,'Stretching and breathing'),(351,118,'Warm-up',10,'Light cardio and stretching'),(352,117,'Cool-down',10,'Stretching and breathing'),(353,118,'Main Workout',45,'Targeted routine for the day'),(354,118,'Cool-down',10,'Stretching and breathing'),(355,119,'Warm-up',10,'Light cardio and stretching'),(356,120,'Warm-up',10,'Light cardio and stretching'),(357,119,'Main Workout',45,'Targeted routine for the day'),(358,121,'Warm-up',10,'Light cardio and stretching'),(359,119,'Cool-down',10,'Stretching and breathing'),(360,122,'Warm-up',10,'Light cardio and stretching'),(361,120,'Main Workout',45,'Targeted routine for the day'),(362,121,'Main Workout',45,'Targeted routine for the day'),(363,122,'Main Workout',45,'Targeted routine for the day'),(364,120,'Cool-down',10,'Stretching and breathing'),(365,121,'Cool-down',10,'Stretching and breathing'),(366,123,'Warm-up',10,'Light cardio and stretching'),(367,122,'Cool-down',10,'Stretching and breathing'),(368,123,'Main Workout',45,'Targeted routine for the day'),(369,123,'Cool-down',10,'Stretching and breathing'),(370,124,'Warm-up',10,'Light cardio and stretching'),(371,125,'Warm-up',10,'Light cardio and stretching'),(372,126,'Warm-up',10,'Light cardio and stretching'),(373,124,'Main Workout',45,'Targeted routine for the day'),(374,127,'Warm-up',10,'Light cardio and stretching'),(375,125,'Main Workout',45,'Targeted routine for the day'),(376,126,'Main Workout',45,'Targeted routine for the day'),(377,124,'Cool-down',10,'Stretching and breathing'),(378,125,'Cool-down',10,'Stretching and breathing'),(379,127,'Main Workout',45,'Targeted routine for the day'),(380,126,'Cool-down',10,'Stretching and breathing'),(381,128,'Warm-up',10,'Light cardio and stretching'),(382,127,'Cool-down',10,'Stretching and breathing'),(383,128,'Main Workout',45,'Targeted routine for the day'),(384,128,'Cool-down',10,'Stretching and breathing'),(385,129,'Warm-up',10,'Light cardio and stretching'),(386,130,'Warm-up',10,'Light cardio and stretching'),(387,131,'Warm-up',10,'Light cardio and stretching'),(388,129,'Main Workout',45,'Targeted routine for the day'),(389,130,'Main Workout',45,'Targeted routine for the day'),(390,131,'Main Workout',45,'Targeted routine for the day'),(391,129,'Cool-down',10,'Stretching and breathing'),(392,130,'Cool-down',10,'Stretching and breathing'),(393,131,'Cool-down',10,'Stretching and breathing'),(394,132,'Warm-up',10,'Light cardio and stretching'),(395,132,'Main Workout',45,'Targeted routine for the day'),(396,132,'Cool-down',10,'Stretching and breathing'),(397,133,'Warm-up',10,'Light cardio and stretching'),(398,133,'Main Workout',45,'Targeted routine for the day'),(399,134,'Warm-up',10,'Light cardio and stretching'),(400,133,'Cool-down',10,'Stretching and breathing'),(401,134,'Main Workout',45,'Targeted routine for the day'),(402,135,'Warm-up',10,'Light cardio and stretching'),(403,134,'Cool-down',10,'Stretching and breathing'),(404,135,'Main Workout',45,'Targeted routine for the day'),(405,136,'Warm-up',10,'Light cardio and stretching'),(406,135,'Cool-down',10,'Stretching and breathing'),(407,136,'Main Workout',45,'Targeted routine for the day'),(408,136,'Cool-down',10,'Stretching and breathing'),(409,137,'Warm-up',10,'Light cardio and stretching'),(410,137,'Main Workout',45,'Targeted routine for the day'),(411,138,'Warm-up',10,'Light cardio and stretching'),(412,137,'Cool-down',10,'Stretching and breathing'),(413,138,'Main Workout',45,'Targeted routine for the day'),(414,139,'Warm-up',10,'Light cardio and stretching'),(415,138,'Cool-down',10,'Stretching and breathing'),(416,139,'Main Workout',45,'Targeted routine for the day'),(417,139,'Cool-down',10,'Stretching and breathing'),(418,140,'Warm-up',10,'Light cardio and stretching'),(419,140,'Main Workout',45,'Targeted routine for the day'),(420,140,'Cool-down',10,'Stretching and breathing'),(421,141,'Warm-up',10,'Light cardio and stretching'),(422,141,'Main Workout',45,'Targeted routine for the day'),(423,142,'Warm-up',10,'Light cardio and stretching'),(424,141,'Cool-down',10,'Stretching and breathing'),(425,143,'Warm-up',10,'Light cardio and stretching'),(426,142,'Main Workout',45,'Targeted routine for the day'),(427,143,'Main Workout',45,'Targeted routine for the day'),(428,142,'Cool-down',10,'Stretching and breathing'),(429,143,'Cool-down',10,'Stretching and breathing'),(430,144,'Warm-up',10,'Light cardio and stretching'),(431,144,'Main Workout',45,'Targeted routine for the day'),(432,144,'Cool-down',10,'Stretching and breathing'),(433,145,'Warm-up',10,'Light cardio and stretching'),(434,145,'Main Workout',45,'Targeted routine for the day'),(435,145,'Cool-down',10,'Stretching and breathing'),(436,146,'Warm-up',10,'Light cardio and stretching'),(437,147,'Warm-up',10,'Light cardio and stretching'),(438,146,'Main Workout',45,'Targeted routine for the day'),(439,147,'Main Workout',45,'Targeted routine for the day'),(440,147,'Cool-down',10,'Stretching and breathing'),(441,146,'Cool-down',10,'Stretching and breathing'),(442,148,'Warm-up',10,'Light cardio and stretching'),(443,148,'Main Workout',45,'Targeted routine for the day'),(444,148,'Cool-down',10,'Stretching and breathing'),(445,149,'Warm-up',10,'Light cardio and stretching'),(446,149,'Main Workout',45,'Targeted routine for the day'),(447,149,'Cool-down',10,'Stretching and breathing'),(448,150,'Warm-up',10,'Light cardio and stretching'),(449,151,'Warm-up',10,'Light cardio and stretching'),(450,151,'Main Workout',45,'Targeted routine for the day'),(451,150,'Main Workout',45,'Targeted routine for the day'),(452,150,'Cool-down',10,'Stretching and breathing'),(453,151,'Cool-down',10,'Stretching and breathing'),(454,152,'Warm-up',10,'Light cardio and stretching'),(455,153,'Warm-up',10,'Light cardio and stretching'),(456,152,'Main Workout',45,'Targeted routine for the day'),(457,153,'Main Workout',45,'Targeted routine for the day'),(458,152,'Cool-down',10,'Stretching and breathing'),(459,153,'Cool-down',10,'Stretching and breathing'),(460,154,'Warm-up',10,'Light cardio and stretching'),(461,154,'Main Workout',45,'Targeted routine for the day'),(462,155,'Warm-up',10,'Light cardio and stretching'),(463,155,'Main Workout',45,'Targeted routine for the day'),(464,154,'Cool-down',10,'Stretching and breathing'),(465,155,'Cool-down',10,'Stretching and breathing'),(466,156,'Warm-up',10,'Light cardio and stretching'),(467,157,'Warm-up',10,'Light cardio and stretching'),(468,156,'Main Workout',45,'Targeted routine for the day'),(469,157,'Main Workout',45,'Targeted routine for the day'),(470,156,'Cool-down',10,'Stretching and breathing'),(471,157,'Cool-down',10,'Stretching and breathing'),(472,158,'Warm-up',10,'Light cardio and stretching'),(473,158,'Main Workout',45,'Targeted routine for the day'),(474,159,'Warm-up',10,'Light cardio and stretching'),(475,159,'Main Workout',45,'Targeted routine for the day'),(476,158,'Cool-down',10,'Stretching and breathing'),(477,159,'Cool-down',10,'Stretching and breathing'),(478,160,'Warm-up',10,'Light cardio and stretching'),(479,161,'Warm-up',10,'Light cardio and stretching'),(480,160,'Main Workout',45,'Targeted routine for the day'),(481,161,'Main Workout',45,'Targeted routine for the day'),(482,160,'Cool-down',10,'Stretching and breathing'),(483,161,'Cool-down',10,'Stretching and breathing'),(484,162,'Warm-up',10,'Light cardio and stretching'),(485,163,'Warm-up',10,'Light cardio and stretching'),(486,162,'Main Workout',45,'Targeted routine for the day'),(487,163,'Main Workout',45,'Targeted routine for the day'),(488,162,'Cool-down',10,'Stretching and breathing'),(489,163,'Cool-down',10,'Stretching and breathing'),(490,164,'Warm-up',10,'Light cardio and stretching'),(491,165,'Warm-up',10,'Light cardio and stretching'),(492,164,'Main Workout',45,'Targeted routine for the day'),(493,165,'Main Workout',45,'Targeted routine for the day'),(494,164,'Cool-down',10,'Stretching and breathing'),(495,165,'Cool-down',10,'Stretching and breathing'),(496,166,'Warm-up',10,'Light cardio and stretching'),(497,167,'Warm-up',10,'Light cardio and stretching'),(498,166,'Main Workout',45,'Targeted routine for the day'),(499,167,'Main Workout',45,'Targeted routine for the day'),(500,166,'Cool-down',10,'Stretching and breathing'),(501,167,'Cool-down',10,'Stretching and breathing'),(502,168,'Warm-up',10,'Light cardio and stretching'),(503,169,'Warm-up',10,'Light cardio and stretching'),(504,168,'Main Workout',45,'Targeted routine for the day'),(505,169,'Main Workout',45,'Targeted routine for the day'),(506,168,'Cool-down',10,'Stretching and breathing'),(507,169,'Cool-down',10,'Stretching and breathing'),(508,170,'Warm-up',10,'Light cardio and stretching'),(509,171,'Warm-up',10,'Light cardio and stretching'),(510,170,'Main Workout',45,'Targeted routine for the day'),(511,171,'Main Workout',45,'Targeted routine for the day'),(512,170,'Cool-down',10,'Stretching and breathing'),(513,171,'Cool-down',10,'Stretching and breathing'),(514,172,'Warm-up',10,'Light cardio and stretching'),(515,173,'Warm-up',10,'Light cardio and stretching'),(516,172,'Main Workout',45,'Targeted routine for the day'),(517,173,'Main Workout',45,'Targeted routine for the day'),(518,172,'Cool-down',10,'Stretching and breathing'),(519,173,'Cool-down',10,'Stretching and breathing'),(520,174,'Warm-up',10,'Light cardio and stretching'),(521,175,'Warm-up',10,'Light cardio and stretching'),(522,174,'Main Workout',45,'Targeted routine for the day'),(523,175,'Main Workout',45,'Targeted routine for the day'),(524,174,'Cool-down',10,'Stretching and breathing'),(525,175,'Cool-down',10,'Stretching and breathing'),(526,176,'Warm-up',10,'Light cardio and stretching'),(527,177,'Warm-up',10,'Light cardio and stretching'),(528,176,'Main Workout',45,'Targeted routine for the day'),(529,177,'Main Workout',45,'Targeted routine for the day'),(530,176,'Cool-down',10,'Stretching and breathing'),(531,177,'Cool-down',10,'Stretching and breathing'),(532,178,'Warm-up',10,'Light cardio and stretching'),(533,179,'Warm-up',10,'Light cardio and stretching'),(534,178,'Main Workout',45,'Targeted routine for the day'),(535,179,'Main Workout',45,'Targeted routine for the day'),(536,179,'Cool-down',10,'Stretching and breathing'),(537,178,'Cool-down',10,'Stretching and breathing'),(538,180,'Warm-up',10,'Light cardio and stretching'),(539,181,'Warm-up',10,'Light cardio and stretching'),(540,180,'Main Workout',45,'Targeted routine for the day'),(541,181,'Main Workout',45,'Targeted routine for the day'),(542,180,'Cool-down',10,'Stretching and breathing'),(543,181,'Cool-down',10,'Stretching and breathing'),(544,183,'Warm-up',10,'Light cardio and stretching'),(545,182,'Warm-up',10,'Light cardio and stretching'),(546,183,'Main Workout',45,'Targeted routine for the day'),(547,182,'Main Workout',45,'Targeted routine for the day'),(548,183,'Cool-down',10,'Stretching and breathing'),(549,182,'Cool-down',10,'Stretching and breathing'),(550,184,'Warm-up',10,'Light cardio and stretching'),(551,185,'Warm-up',10,'Light cardio and stretching'),(552,184,'Main Workout',45,'Targeted routine for the day'),(553,185,'Main Workout',45,'Targeted routine for the day'),(554,184,'Cool-down',10,'Stretching and breathing'),(555,185,'Cool-down',10,'Stretching and breathing'),(556,186,'Warm-up',10,'Light cardio and stretching'),(557,187,'Warm-up',10,'Light cardio and stretching'),(558,186,'Main Workout',45,'Targeted routine for the day'),(559,187,'Main Workout',45,'Targeted routine for the day'),(560,186,'Cool-down',10,'Stretching and breathing'),(561,187,'Cool-down',10,'Stretching and breathing'),(562,188,'Warm-up',10,'Light cardio and stretching'),(563,188,'Main Workout',45,'Targeted routine for the day'),(564,188,'Cool-down',10,'Stretching and breathing'),(565,189,'Warm-up',10,'Light cardio and stretching'),(566,190,'Warm-up',10,'Light cardio and stretching'),(567,189,'Main Workout',45,'Targeted routine for the day'),(568,190,'Main Workout',45,'Targeted routine for the day'),(569,191,'Warm-up',10,'Light cardio and stretching'),(570,189,'Cool-down',10,'Stretching and breathing'),(571,191,'Main Workout',45,'Targeted routine for the day'),(572,190,'Cool-down',10,'Stretching and breathing'),(573,191,'Cool-down',10,'Stretching and breathing'),(574,192,'Warm-up',10,'Light cardio and stretching'),(575,192,'Main Workout',45,'Targeted routine for the day'),(576,193,'Warm-up',10,'Light cardio and stretching'),(577,192,'Cool-down',10,'Stretching and breathing'),(578,193,'Main Workout',45,'Targeted routine for the day'),(579,195,'Warm-up',10,'Light cardio and stretching'),(580,194,'Warm-up',10,'Light cardio and stretching'),(581,193,'Cool-down',10,'Stretching and breathing'),(582,195,'Main Workout',45,'Targeted routine for the day'),(583,194,'Main Workout',45,'Targeted routine for the day'),(584,195,'Cool-down',10,'Stretching and breathing'),(585,194,'Cool-down',10,'Stretching and breathing'),(586,196,'Warm-up',10,'Light cardio and stretching'),(587,196,'Main Workout',45,'Targeted routine for the day'),(588,196,'Cool-down',10,'Stretching and breathing'),(589,197,'Warm-up',10,'Light cardio and stretching'),(590,197,'Main Workout',45,'Targeted routine for the day'),(591,198,'Warm-up',10,'Light cardio and stretching'),(592,199,'Warm-up',10,'Light cardio and stretching'),(593,197,'Cool-down',10,'Stretching and breathing'),(594,198,'Main Workout',45,'Targeted routine for the day'),(595,199,'Main Workout',45,'Targeted routine for the day'),(596,198,'Cool-down',10,'Stretching and breathing'),(597,199,'Cool-down',10,'Stretching and breathing'),(598,200,'Warm-up',10,'Light cardio and stretching'),(599,200,'Main Workout',45,'Targeted routine for the day'),(600,200,'Cool-down',10,'Stretching and breathing'),(601,201,'Warm-up',10,'Light cardio and stretching'),(602,202,'Warm-up',10,'Light cardio and stretching'),(603,201,'Main Workout',45,'Targeted routine for the day'),(604,202,'Main Workout',45,'Targeted routine for the day'),(605,201,'Cool-down',10,'Stretching and breathing'),(606,202,'Cool-down',10,'Stretching and breathing'),(607,203,'Warm-up',10,'Light cardio and stretching'),(608,203,'Main Workout',45,'Targeted routine for the day'),(609,203,'Cool-down',10,'Stretching and breathing'),(610,204,'Warm-up',10,'Light cardio and stretching'),(611,205,'Warm-up',10,'Light cardio and stretching'),(612,204,'Main Workout',45,'Targeted routine for the day'),(613,205,'Main Workout',45,'Targeted routine for the day'),(614,204,'Cool-down',10,'Stretching and breathing'),(615,205,'Cool-down',10,'Stretching and breathing'),(616,206,'Warm-up',10,'Light cardio and stretching'),(617,206,'Main Workout',45,'Targeted routine for the day'),(618,206,'Cool-down',10,'Stretching and breathing'),(619,207,'Warm-up',10,'Light cardio and stretching'),(620,207,'Main Workout',45,'Targeted routine for the day'),(621,207,'Cool-down',10,'Stretching and breathing'),(622,208,'Warm-up',10,'Light cardio and stretching'),(623,208,'Main Workout',45,'Targeted routine for the day'),(624,208,'Cool-down',10,'Stretching and breathing'),(625,209,'Warm-up',10,'Light cardio and stretching'),(626,209,'Main Workout',45,'Targeted routine for the day'),(627,209,'Cool-down',10,'Stretching and breathing'),(628,210,'Warm-up',10,'Light cardio and stretching'),(629,210,'Main Workout',45,'Targeted routine for the day'),(630,210,'Cool-down',10,'Stretching and breathing'),(631,211,'Warm-up',10,'Light cardio and stretching'),(632,211,'Main Workout',45,'Targeted routine for the day'),(633,211,'Cool-down',10,'Stretching and breathing'),(634,212,'Warm-up',10,'Light cardio and stretching'),(635,212,'Main Workout',45,'Targeted routine for the day'),(636,212,'Cool-down',10,'Stretching and breathing'),(637,213,'Warm-up',10,'Light cardio and stretching'),(638,213,'Main Workout',45,'Targeted routine for the day'),(639,213,'Cool-down',10,'Stretching and breathing'),(640,214,'Warm-up',10,'Light cardio and stretching'),(641,214,'Main Workout',45,'Targeted routine for the day'),(642,214,'Cool-down',10,'Stretching and breathing'),(643,215,'Warm-up',10,'Light cardio and stretching'),(644,215,'Main Workout',45,'Targeted routine for the day'),(645,215,'Cool-down',10,'Stretching and breathing'),(646,216,'Warm-up',10,'Light cardio and stretching'),(647,216,'Main Workout',45,'Targeted routine for the day'),(648,216,'Cool-down',10,'Stretching and breathing'),(649,217,'Warm-up',10,'Light cardio and stretching'),(650,217,'Main Workout',45,'Targeted routine for the day'),(651,217,'Cool-down',10,'Stretching and breathing'),(652,218,'Warm-up',10,'Light cardio and stretching'),(653,218,'Main Workout',45,'Targeted routine for the day'),(654,218,'Cool-down',10,'Stretching and breathing'),(655,219,'Warm-up',10,'Light cardio and stretching'),(656,219,'Main Workout',45,'Targeted routine for the day'),(657,219,'Cool-down',10,'Stretching and breathing'),(658,220,'Warm-up',10,'Light cardio and stretching'),(659,220,'Main Workout',45,'Targeted routine for the day'),(660,220,'Cool-down',10,'Stretching and breathing'),(661,221,'Warm-up',10,'Light cardio and stretching'),(662,221,'Main Workout',45,'Targeted routine for the day'),(663,221,'Cool-down',10,'Stretching and breathing'),(664,222,'Warm-up',10,'Light cardio and stretching'),(665,222,'Main Workout',45,'Targeted routine for the day'),(666,222,'Cool-down',10,'Stretching and breathing'),(667,223,'Warm-up',10,'Light cardio and stretching'),(668,223,'Main Workout',45,'Targeted routine for the day'),(669,223,'Cool-down',10,'Stretching and breathing'),(670,224,'Warm-up',10,'Light cardio and stretching'),(671,224,'Main Workout',45,'Targeted routine for the day'),(672,224,'Cool-down',10,'Stretching and breathing'),(673,225,'Warm-up',10,'Light cardio and stretching'),(674,225,'Main Workout',45,'Targeted routine for the day'),(675,225,'Cool-down',10,'Stretching and breathing'),(676,226,'Warm-up',10,'Light cardio and stretching'),(677,226,'Main Workout',45,'Targeted routine for the day'),(678,226,'Cool-down',10,'Stretching and breathing'),(679,227,'Warm-up',10,'Light cardio and stretching'),(680,227,'Main Workout',45,'Targeted routine for the day'),(681,227,'Cool-down',10,'Stretching and breathing'),(682,228,'Warm-up',10,'Light cardio and stretching'),(683,228,'Main Workout',45,'Targeted routine for the day'),(684,228,'Cool-down',10,'Stretching and breathing'),(685,229,'Warm-up',10,'Light cardio and stretching'),(686,229,'Main Workout',45,'Targeted routine for the day'),(687,229,'Cool-down',10,'Stretching and breathing'),(688,230,'Warm-up',10,'Light cardio and stretching'),(689,230,'Main Workout',45,'Targeted routine for the day'),(690,230,'Cool-down',10,'Stretching and breathing'),(691,231,'Warm-up',10,'Light cardio and stretching'),(692,231,'Main Workout',45,'Targeted routine for the day'),(693,231,'Cool-down',10,'Stretching and breathing'),(694,232,'Warm-up',10,'Light cardio and stretching'),(695,232,'Main Workout',45,'Targeted routine for the day'),(696,232,'Cool-down',10,'Stretching and breathing'),(697,233,'Warm-up',10,'Light cardio and stretching'),(698,233,'Main Workout',45,'Targeted routine for the day'),(699,233,'Cool-down',10,'Stretching and breathing'),(700,234,'Warm-up',10,'Light cardio and stretching'),(701,234,'Main Workout',45,'Targeted routine for the day'),(702,234,'Cool-down',10,'Stretching and breathing'),(703,235,'Warm-up',10,'Light cardio and stretching'),(704,235,'Main Workout',45,'Targeted routine for the day'),(705,235,'Cool-down',10,'Stretching and breathing'),(706,236,'Warm-up',10,'Light cardio and stretching'),(707,236,'Main Workout',45,'Targeted routine for the day'),(708,236,'Cool-down',10,'Stretching and breathing'),(709,237,'Warm-up',10,'Light cardio and stretching'),(710,237,'Main Workout',45,'Targeted routine for the day'),(711,237,'Cool-down',10,'Stretching and breathing'),(712,238,'Warm-up',10,'Light cardio and stretching'),(713,238,'Main Workout',45,'Targeted routine for the day'),(714,238,'Cool-down',10,'Stretching and breathing'),(715,239,'Warm-up',10,'Light cardio and stretching'),(716,239,'Main Workout',45,'Targeted routine for the day'),(717,239,'Cool-down',10,'Stretching and breathing'),(718,240,'Warm-up',10,'Light cardio and stretching'),(719,240,'Main Workout',45,'Targeted routine for the day'),(720,240,'Cool-down',10,'Stretching and breathing'),(721,241,'Warm-up',10,'Light cardio and stretching'),(722,241,'Main Workout',45,'Targeted routine for the day'),(723,241,'Cool-down',10,'Stretching and breathing'),(724,242,'Warm-up',10,'Light cardio and stretching'),(725,242,'Main Workout',45,'Targeted routine for the day'),(726,242,'Cool-down',10,'Stretching and breathing'),(727,243,'Warm-up',10,'Light cardio and stretching'),(728,243,'Main Workout',45,'Targeted routine for the day'),(729,243,'Cool-down',10,'Stretching and breathing'),(730,244,'Warm-up',10,'Light cardio and stretching'),(731,244,'Main Workout',45,'Targeted routine for the day'),(732,244,'Cool-down',10,'Stretching and breathing'),(733,245,'Warm-up',10,'Light cardio and stretching'),(734,245,'Main Workout',45,'Targeted routine for the day'),(735,245,'Cool-down',10,'Stretching and breathing'),(736,246,'Warm-up',10,'Light cardio and stretching'),(737,246,'Main Workout',45,'Targeted routine for the day'),(738,246,'Cool-down',10,'Stretching and breathing'),(739,247,'Warm-up',10,'Light cardio and stretching'),(740,247,'Main Workout',45,'Targeted routine for the day'),(741,247,'Cool-down',10,'Stretching and breathing'),(742,248,'Warm-up',10,'Light cardio and stretching'),(743,248,'Main Workout',45,'Targeted routine for the day'),(744,248,'Cool-down',10,'Stretching and breathing'),(745,249,'Warm-up',10,'Light cardio and stretching'),(746,249,'Main Workout',45,'Targeted routine for the day'),(747,249,'Cool-down',10,'Stretching and breathing'),(748,250,'Warm-up',10,'Light cardio and stretching'),(749,250,'Main Workout',45,'Targeted routine for the day'),(750,250,'Cool-down',10,'Stretching and breathing'),(751,251,'Warm-up',10,'Light cardio and stretching'),(752,251,'Main Workout',45,'Targeted routine for the day'),(753,251,'Cool-down',10,'Stretching and breathing'),(754,252,'Warm-up',10,'Light cardio and stretching'),(755,252,'Main Workout',45,'Targeted routine for the day'),(756,252,'Cool-down',10,'Stretching and breathing'),(757,253,'Warm-up',10,'Light cardio and stretching'),(758,253,'Main Workout',45,'Targeted routine for the day'),(759,253,'Cool-down',10,'Stretching and breathing'),(760,254,'Warm-up',10,'Light cardio and stretching'),(761,254,'Main Workout',45,'Targeted routine for the day'),(762,254,'Cool-down',10,'Stretching and breathing'),(763,255,'Warm-up',10,'Light cardio and stretching'),(764,255,'Main Workout',45,'Targeted routine for the day'),(765,255,'Cool-down',10,'Stretching and breathing'),(766,256,'Warm-up',10,'Light cardio and stretching'),(767,256,'Main Workout',45,'Targeted routine for the day'),(768,256,'Cool-down',10,'Stretching and breathing'),(769,257,'Warm-up',10,'Light cardio and stretching'),(770,257,'Main Workout',45,'Targeted routine for the day'),(771,257,'Cool-down',10,'Stretching and breathing'),(772,258,'Warm-up',10,'Light cardio and stretching'),(773,258,'Main Workout',45,'Targeted routine for the day'),(774,258,'Cool-down',10,'Stretching and breathing'),(775,259,'Warm-up',10,'Light cardio and stretching'),(776,259,'Main Workout',45,'Targeted routine for the day'),(777,259,'Cool-down',10,'Stretching and breathing'),(778,260,'Warm-up',10,'Light cardio and stretching'),(779,260,'Main Workout',45,'Targeted routine for the day'),(780,260,'Cool-down',10,'Stretching and breathing'),(781,261,'Warm-up',10,'Light cardio and stretching'),(782,261,'Main Workout',45,'Targeted routine for the day'),(783,261,'Cool-down',10,'Stretching and breathing'),(784,262,'Warm-up',10,'Light cardio and stretching'),(785,262,'Main Workout',45,'Targeted routine for the day'),(786,262,'Cool-down',10,'Stretching and breathing'),(787,263,'Warm-up',10,'Light cardio and stretching'),(788,263,'Main Workout',45,'Targeted routine for the day'),(789,263,'Cool-down',10,'Stretching and breathing'),(790,264,'Warm-up',10,'Light cardio and stretching'),(791,264,'Main Workout',45,'Targeted routine for the day'),(792,264,'Cool-down',10,'Stretching and breathing'),(793,265,'Warm-up',10,'Light cardio and stretching'),(794,265,'Main Workout',45,'Targeted routine for the day'),(795,265,'Cool-down',10,'Stretching and breathing'),(796,266,'Warm-up',10,'Light cardio and stretching'),(797,266,'Main Workout',45,'Targeted routine for the day'),(798,266,'Cool-down',10,'Stretching and breathing'),(799,267,'Warm-up',10,'Light cardio and stretching'),(800,267,'Main Workout',45,'Targeted routine for the day'),(801,267,'Cool-down',10,'Stretching and breathing'),(802,268,'Warm-up',10,'Light cardio and stretching'),(803,268,'Main Workout',45,'Targeted routine for the day'),(804,268,'Cool-down',10,'Stretching and breathing'),(805,269,'Warm-up',10,'Light cardio and stretching'),(806,269,'Main Workout',45,'Targeted routine for the day'),(807,269,'Cool-down',10,'Stretching and breathing'),(808,270,'Warm-up',10,'Light cardio and stretching'),(809,270,'Main Workout',45,'Targeted routine for the day'),(810,270,'Cool-down',10,'Stretching and breathing');
/*!40000 ALTER TABLE `workouts` ENABLE KEYS */;
UNLOCK TABLES;
/*!40103 SET TIME_ZONE=@OLD_TIME_ZONE */;

/*!40101 SET SQL_MODE=@OLD_SQL_MODE */;
/*!40014 SET FOREIGN_KEY_CHECKS=@OLD_FOREIGN_KEY_CHECKS */;
/*!40014 SET UNIQUE_CHECKS=@OLD_UNIQUE_CHECKS */;
/*!40101 SET CHARACTER_SET_CLIENT=@OLD_CHARACTER_SET_CLIENT */;
/*!40101 SET CHARACTER_SET_RESULTS=@OLD_CHARACTER_SET_RESULTS */;
/*!40101 SET COLLATION_CONNECTION=@OLD_COLLATION_CONNECTION */;
/*!40111 SET SQL_NOTES=@OLD_SQL_NOTES */;

-- Dump completed on 2026-04-03 21:55:16
